,StateAbbr,CountyName,TractFIPS,DIABETES_CrudePrev,DIABETES_Crude95CI,CHD_CrudePrev,diabetes_pct_rank,chd_pct_rank,raw_composite_rank,final_health_composite
0,TX,Tarrant,48439100101,14.7,"(13.0, 16.5)",5.7,0.8042505592841164,0.6431767337807607,0.7237136465324385,0.7483221476510067
1,TX,Tarrant,48439100102,13.3,"(11.6, 15.2)",5.9,0.7192393736017897,0.6901565995525727,0.7046979865771812,0.7315436241610739
2,TX,Tarrant,48439100201,19.7,"(17.5, 21.9)",7.6,0.9653243847874721,0.9552572706935123,0.9602908277404922,0.9731543624161074
3,TX,Tarrant,48439100202,17.4,"(15.3, 19.5)",6.7,0.9217002237136466,0.8411633109619687,0.8814317673378076,0.9026845637583892
4,TX,Tarrant,48439100300,15.7,"(13.9, 17.4)",5.9,0.8590604026845637,0.6901565995525727,0.7746085011185682,0.814317673378076
5,TX,Tarrant,48439100401,19.2,"(17.1, 21.3)",7.2,0.9552572706935123,0.9082774049217002,0.9317673378076062,0.9440715883668904
6,TX,Tarrant,48439100402,16.6,"(14.5, 18.7)",6.1,0.8937360178970917,0.7472035794183445,0.8204697986577181,0.8478747203579419
7,TX,Tarrant,48439100503,16.7,"(14.7, 18.7)",6.5,0.8982102908277405,0.8109619686800895,0.854586129753915,0.87248322147651
8,TX,Tarrant,48439100504,17.3,"(15.4, 19.3)",7.3,0.9194630872483222,0.9149888143176734,0.9172259507829978,0.9284116331096197
9,TX,Tarrant,48439100505,15.7,"(13.9, 17.5)",6.9,0.8590604026845637,0.8736017897091722,0.866331096196868,0.8903803131991052
10,TX,Tarrant,48439100506,15.5,"(13.7, 17.3)",5.5,0.8445190156599552,0.5861297539149888,0.715324384787472,0.7404921700223713
11,TX,Tarrant,48439100601,10.8,"( 9.5, 12.2)",5.8,0.41498881431767337,0.6599552572706935,0.5374720357941835,0.5380313199105146
12,TX,Tarrant,48439100602,11.7,"(10.3, 13.1)",4.7,0.5514541387024608,0.3378076062639821,0.4446308724832215,0.4395973154362416
13,TX,Tarrant,48439100700,12.6,"(11.0, 14.4)",5.8,0.6655480984340044,0.6599552572706935,0.662751677852349,0.674496644295302
14,TX,Tarrant,48439100800,17.8,"(15.6, 20.2)",7.0,0.9284116331096197,0.883668903803132,0.9060402684563759,0.9239373601789709
15,TX,Tarrant,48439100900,22.0,"(19.3, 24.5)",9.3,0.9888143176733781,0.9910514541387024,0.9899328859060403,0.9899328859060402
16,TX,Tarrant,48439101201,12.6,"(11.0, 14.2)",5.6,0.6655480984340044,0.6196868008948546,0.6426174496644295,0.6487695749440716
17,TX,Tarrant,48439101202,14.3,"(12.4, 16.1)",5.6,0.7829977628635347,0.6196868008948546,0.7013422818791947,0.7293064876957495
18,TX,Tarrant,48439101301,16.3,"(14.5, 18.2)",6.9,0.8825503355704698,0.8736017897091722,0.878076062639821,0.8970917225950783
19,TX,Tarrant,48439101302,22.1,"(19.9, 24.3)",9.5,0.9910514541387024,0.9977628635346756,0.994407158836689,0.9932885906040269
20,TX,Tarrant,48439101401,15.2,"(13.5, 17.1)",6.8,0.8322147651006712,0.8579418344519015,0.8450782997762863,0.8612975391498882
21,TX,Tarrant,48439101402,17.2,"(15.2, 19.2)",6.6,0.9172259507829977,0.8266219239373602,0.871923937360179,0.8937360178970917
22,TX,Tarrant,48439101403,20.1,"(18.1, 22.3)",7.9,0.9686800894854586,0.9686800894854586,0.9686800894854586,0.9753914988814317
23,TX,Tarrant,48439101500,15.8,"(13.9, 17.7)",6.8,0.8668903803131991,0.8579418344519015,0.8624161073825503,0.8814317673378076
24,TX,Tarrant,48439101700,24.1,"(21.7, 26.6)",10.0,0.9977628635346756,1.0,0.9988814317673378,1.0
25,TX,Tarrant,48439102000,5.4,"( 4.7,  6.2)",2.9,0.006711409395973154,0.035794183445190156,0.021252796420581654,0.020134228187919462
26,TX,Tarrant,48439102101,8.2,"( 7.1,  9.5)",4.5,0.08165548098434004,0.30648769574944074,0.1940715883668904,0.17002237136465326
27,TX,Tarrant,48439102102,12.1,"(10.5, 13.8)",6.0,0.6118568232662193,0.7237136465324385,0.667785234899329,0.6789709172259508
28,TX,Tarrant,48439102201,11.0,"( 9.5, 12.6)",6.2,0.4541387024608501,0.7628635346756152,0.6085011185682326,0.610738255033557
29,TX,Tarrant,48439102202,8.9,"( 7.5, 10.4)",5.1,0.1487695749440716,0.4519015659955257,0.30033557046979864,0.2695749440715884
30,TX,Tarrant,48439102301,16.5,"(14.5, 18.3)",7.3,0.889261744966443,0.9149888143176734,0.9021252796420582,0.9217002237136466
31,TX,Tarrant,48439102302,14.8,"(12.9, 16.7)",6.6,0.8131991051454138,0.8266219239373602,0.819910514541387,0.8456375838926175
32,TX,Tarrant,48439102401,10.0,"( 8.7, 11.5)",5.0,0.30648769574944074,0.42393736017897093,0.36521252796420584,0.348993288590604
33,TX,Tarrant,48439102402,10.7,"( 9.1, 12.3)",6.1,0.3959731543624161,0.7472035794183445,0.5715883668903803,0.5816554809843401
34,TX,Tarrant,48439102500,20.2,"(18.0, 22.6)",7.5,0.9720357941834452,0.9407158836689038,0.9563758389261745,0.9619686800894854
35,TX,Tarrant,48439102601,11.4,"( 9.9, 12.9)",5.0,0.5156599552572707,0.42393736017897093,0.4697986577181208,0.46756152125279643
36,TX,Tarrant,48439102602,11.4,"(10.0, 13.0)",5.2,0.5156599552572707,0.48210290827740493,0.4988814317673378,0.4888143176733781
37,TX,Tarrant,48439102700,8.5,"( 7.3,  9.9)",4.4,0.10738255033557047,0.28635346756152125,0.19686800894854586,0.18008948545861297
38,TX,Tarrant,48439103500,16.3,"(14.4, 18.3)",6.1,0.8825503355704698,0.7472035794183445,0.8148769574944071,0.8389261744966443
39,TX,Tarrant,48439103601,18.0,"(16.1, 20.0)",6.6,0.9362416107382551,0.8266219239373602,0.8814317673378076,0.9026845637583892
40,TX,Tarrant,48439103602,19.6,"(17.3, 22.0)",7.4,0.9608501118568232,0.9250559284116331,0.9429530201342282,0.9530201342281879
41,TX,Tarrant,48439103701,17.0,"(15.2, 19.0)",6.1,0.9093959731543624,0.7472035794183445,0.8282997762863534,0.8523489932885906
42,TX,Tarrant,48439103702,18.4,"(16.4, 20.4)",6.8,0.9440715883668904,0.8579418344519015,0.901006711409396,0.9194630872483222
43,TX,Tarrant,48439103800,20.2,"(18.0, 22.2)",7.5,0.9720357941834452,0.9407158836689038,0.9563758389261745,0.9619686800894854
44,TX,Tarrant,48439104100,9.7,"( 8.4, 11.0)",4.4,0.25615212527964204,0.28635346756152125,0.27125279642058164,0.24720357941834453
45,TX,Tarrant,48439104202,9.0,"( 7.7, 10.3)",4.8,0.15883668903803133,0.3624161073825503,0.2606263982102908,0.23825503355704697
46,TX,Tarrant,48439104203,2.2,"( 1.9,  2.5)",1.0,0.0022371364653243847,0.0022371364653243847,0.0022371364653243847,0.0022371364653243847
47,TX,Tarrant,48439104204,8.4,"( 7.1,  9.8)",4.9,0.09843400447427293,0.39373601789709173,0.24608501118568232,0.22371364653243847
48,TX,Tarrant,48439104301,4.8,"( 4.2,  5.5)",2.4,0.0044742729306487695,0.010067114093959731,0.00727069351230425,0.0044742729306487695
49,TX,Tarrant,48439104302,7.3,"( 6.2,  8.4)",3.8,0.03131991051454139,0.1644295302013423,0.09787472035794184,0.08277404921700224
50,TX,Tarrant,48439104400,12.6,"(11.1, 14.3)",5.5,0.6655480984340044,0.5861297539149888,0.6258389261744965,0.6353467561521253
51,TX,Tarrant,48439104502,16.3,"(14.5, 18.1)",6.0,0.8825503355704698,0.7237136465324385,0.8031319910514542,0.8322147651006712
52,TX,Tarrant,48439104503,16.9,"(15.0, 19.0)",6.5,0.9060402684563759,0.8109619686800895,0.8585011185682327,0.8747203579418344
53,TX,Tarrant,48439104504,20.7,"(18.6, 23.1)",8.8,0.9798657718120806,0.9832214765100671,0.9815436241610738,0.9821029082774049
54,TX,Tarrant,48439104505,21.8,"(19.7, 24.0)",8.5,0.9865771812080537,0.9798657718120806,0.9832214765100671,0.9843400447427293
55,TX,Tarrant,48439104601,20.3,"(18.2, 22.5)",7.5,0.9765100671140939,0.9407158836689038,0.9586129753914989,0.970917225950783
56,TX,Tarrant,48439104602,19.7,"(17.7, 21.9)",7.5,0.9653243847874721,0.9407158836689038,0.9530201342281879,0.9574944071588367
57,TX,Tarrant,48439104603,19.6,"(17.5, 21.8)",7.6,0.9608501118568232,0.9552572706935123,0.9580536912751678,0.9675615212527964
58,TX,Tarrant,48439104604,19.0,"(17.0, 21.0)",7.1,0.9530201342281879,0.8959731543624161,0.924496644295302,0.9395973154362416
59,TX,Tarrant,48439104605,18.9,"(16.7, 21.1)",7.4,0.9507829977628636,0.9250559284116331,0.9379194630872483,0.9485458612975392
60,TX,Tarrant,48439104701,14.5,"(12.8, 16.4)",5.4,0.7897091722595079,0.5480984340044742,0.668903803131991,0.6823266219239373
61,TX,Tarrant,48439104702,19.4,"(17.2, 21.7)",7.6,0.9574944071588367,0.9552572706935123,0.9563758389261745,0.9619686800894854
62,TX,Tarrant,48439104802,16.8,"(15.0, 18.7)",6.7,0.9026845637583892,0.8411633109619687,0.871923937360179,0.8937360178970917
63,TX,Tarrant,48439104803,15.4,"(13.5, 17.6)",5.7,0.8411633109619687,0.6431767337807607,0.7421700223713648,0.7718120805369127
64,TX,Tarrant,48439104804,15.9,"(14.1, 17.7)",5.8,0.87248322147651,0.6599552572706935,0.7662192393736018,0.8008948545861297
65,TX,Tarrant,48439104900,14.0,"(12.3, 15.8)",5.4,0.7706935123042505,0.5480984340044742,0.6593959731543624,0.668903803131991
66,TX,Tarrant,48439105007,8.6,"( 7.4,  9.7)",3.7,0.11409395973154363,0.14988814317673377,0.1319910514541387,0.12527964205816555
67,TX,Tarrant,48439105008,10.5,"( 9.1, 11.9)",4.2,0.3680089485458613,0.23937360178970918,0.30369127516778527,0.2785234899328859
68,TX,Tarrant,48439105009,16.7,"(14.8, 18.6)",6.4,0.8982102908277405,0.7930648769574944,0.8456375838926175,0.8646532438478747
69,TX,Tarrant,48439105201,17.1,"(15.4, 19.1)",7.4,0.9138702460850112,0.9250559284116331,0.9194630872483222,0.9340044742729307
70,TX,Tarrant,48439105203,15.6,"(13.9, 17.5)",7.8,0.8501118568232662,0.9642058165548099,0.907158836689038,0.9261744966442953
71,TX,Tarrant,48439105204,14.7,"(13.0, 16.4)",6.0,0.8042505592841164,0.7237136465324385,0.7639821029082774,0.796420581655481
72,TX,Tarrant,48439105206,13.8,"(12.2, 15.4)",5.9,0.7539149888143176,0.6901565995525727,0.7220357941834452,0.7449664429530202
73,TX,Tarrant,48439105207,18.7,"(16.6, 20.7)",7.2,0.9485458612975392,0.9082774049217002,0.9284116331096197,0.941834451901566
74,TX,Tarrant,48439105403,7.7,"( 6.7,  8.9)",4.4,0.04138702460850112,0.28635346756152125,0.1638702460850112,0.14093959731543623
75,TX,Tarrant,48439105404,8.9,"( 7.7, 10.3)",4.9,0.1487695749440716,0.39373601789709173,0.27125279642058164,0.24720357941834453
76,TX,Tarrant,48439105405,8.5,"( 7.4,  9.6)",4.4,0.10738255033557047,0.28635346756152125,0.19686800894854586,0.18008948545861297
77,TX,Tarrant,48439105407,7.2,"( 6.2,  8.3)",4.0,0.029082774049217,0.20693512304250558,0.11800894854586129,0.10067114093959731
78,TX,Tarrant,48439105408,9.2,"( 8.0, 10.6)",5.6,0.18456375838926176,0.6196868008948546,0.4021252796420582,0.38926174496644295
79,TX,Tarrant,48439105502,11.9,"(10.4, 13.5)",5.9,0.5850111856823266,0.6901565995525727,0.6375838926174496,0.6431767337807607
80,TX,Tarrant,48439105503,14.0,"(12.2, 15.8)",7.6,0.7706935123042505,0.9552572706935123,0.8629753914988814,0.8859060402684564
81,TX,Tarrant,48439105505,15.1,"(13.2, 17.0)",7.5,0.825503355704698,0.9407158836689038,0.8831096196868009,0.9060402684563759
82,TX,Tarrant,48439105511,14.6,"(12.8, 16.4)",6.1,0.796420581655481,0.7472035794183445,0.7718120805369127,0.8076062639821029
83,TX,Tarrant,48439105512,12.8,"(11.2, 14.7)",6.6,0.6845637583892618,0.8266219239373602,0.755592841163311,0.7829977628635347
84,TX,Tarrant,48439105513,10.9,"( 9.4, 12.4)",5.9,0.4373601789709172,0.6901565995525727,0.5637583892617449,0.5704697986577181
85,TX,Tarrant,48439105514,7.9,"( 6.9,  8.9)",3.0,0.05592841163310962,0.04138702460850112,0.04865771812080537,0.03803131991051454
86,TX,Tarrant,48439105515,13.1,"(11.5, 14.7)",5.3,0.7058165548098434,0.5123042505592841,0.6090604026845637,0.6129753914988815
87,TX,Tarrant,48439105516,13.0,"(11.3, 14.7)",5.5,0.6968680089485458,0.5861297539149888,0.6414988814317673,0.6465324384787472
88,TX,Tarrant,48439105517,11.4,"(10.0, 12.9)",4.6,0.5156599552572707,0.3221476510067114,0.41890380313199105,0.40939597315436244
89,TX,Tarrant,48439105518,10.2,"( 8.8, 11.8)",5.6,0.33109619686800895,0.6196868008948546,0.4753914988814318,0.4753914988814318
90,TX,Tarrant,48439105519,10.5,"( 9.0, 12.0)",5.9,0.3680089485458613,0.6901565995525727,0.529082774049217,0.5212527964205816
91,TX,Tarrant,48439105520,10.9,"( 9.3, 12.6)",5.9,0.4373601789709172,0.6901565995525727,0.5637583892617449,0.5704697986577181
92,TX,Tarrant,48439105600,11.5,"(10.1, 13.0)",5.2,0.5279642058165548,0.48210290827740493,0.5050335570469798,0.4988814317673378
93,TX,Tarrant,48439105701,11.7,"(10.2, 13.2)",5.6,0.5514541387024608,0.6196868008948546,0.5855704697986577,0.5883668903803132
94,TX,Tarrant,48439105703,12.4,"(10.8, 14.1)",5.4,0.6498881431767338,0.5480984340044742,0.598993288590604,0.5995525727069351
95,TX,Tarrant,48439105705,12.2,"(10.8, 13.7)",4.4,0.6319910514541387,0.28635346756152125,0.45917225950782997,0.4563758389261745
96,TX,Tarrant,48439105706,15.6,"(13.8, 17.5)",5.6,0.8501118568232662,0.6196868008948546,0.7348993288590604,0.7628635346756152
97,TX,Tarrant,48439105800,13.6,"(11.9, 15.3)",5.3,0.7360178970917226,0.5123042505592841,0.6241610738255033,0.62751677852349
98,TX,Tarrant,48439105901,15.9,"(14.0, 17.9)",5.9,0.87248322147651,0.6901565995525727,0.7813199105145414,0.8210290827740492
99,TX,Tarrant,48439105902,18.2,"(16.2, 20.2)",7.4,0.9395973154362416,0.9250559284116331,0.9323266219239373,0.9463087248322147
100,TX,Tarrant,48439106002,20.3,"(18.1, 22.4)",8.1,0.9765100671140939,0.970917225950783,0.9737136465324385,0.9776286353467561
101,TX,Tarrant,48439106004,13.0,"(11.4, 14.6)",4.5,0.6968680089485458,0.30648769574944074,0.5016778523489933,0.49440715883668906
102,TX,Tarrant,48439106005,13.0,"(11.4, 14.8)",5.2,0.6968680089485458,0.48210290827740493,0.5894854586129754,0.5906040268456376
103,TX,Tarrant,48439106006,13.9,"(12.2, 15.6)",5.6,0.7628635346756152,0.6196868008948546,0.6912751677852349,0.7170022371364653
104,TX,Tarrant,48439106101,21.7,"(19.5, 24.1)",8.8,0.9843400447427293,0.9832214765100671,0.9837807606263982,0.9865771812080537
105,TX,Tarrant,48439106102,18.0,"(16.0, 20.0)",7.5,0.9362416107382551,0.9407158836689038,0.9384787472035794,0.9507829977628636
106,TX,Tarrant,48439106201,23.8,"(21.3, 26.4)",9.4,0.9955257270693513,0.9944071588366891,0.9949664429530202,0.9955257270693513
107,TX,Tarrant,48439106202,21.5,"(19.2, 23.8)",8.3,0.9821029082774049,0.9776286353467561,0.9798657718120805,0.9798657718120806
108,TX,Tarrant,48439106300,24.3,"(22.0, 26.7)",9.4,1.0,0.9944071588366891,0.9972035794183445,0.9977628635346756
109,TX,Tarrant,48439106400,13.8,"(12.1, 15.5)",5.7,0.7539149888143176,0.6431767337807607,0.6985458612975392,0.7248322147651006
110,TX,Tarrant,48439106502,15.6,"(13.7, 17.5)",6.7,0.8501118568232662,0.8411633109619687,0.8456375838926175,0.8646532438478747
111,TX,Tarrant,48439106503,18.5,"(16.4, 20.8)",7.5,0.9463087248322147,0.9407158836689038,0.9435123042505593,0.9552572706935123
112,TX,Tarrant,48439106507,13.1,"(11.4, 14.9)",7.4,0.7058165548098434,0.9250559284116331,0.8154362416107382,0.8411633109619687
113,TX,Tarrant,48439106509,11.4,"(10.0, 12.8)",4.3,0.5156599552572707,0.26174496644295303,0.38870246085011184,0.37583892617449666
114,TX,Tarrant,48439106512,13.7,"(12.0, 15.4)",5.3,0.743847874720358,0.5123042505592841,0.628076062639821,0.6375838926174496
115,TX,Tarrant,48439106513,13.8,"(12.1, 15.6)",5.2,0.7539149888143176,0.48210290827740493,0.6180089485458613,0.6196868008948546
116,TX,Tarrant,48439106514,9.2,"( 8.0, 10.5)",3.2,0.18456375838926176,0.06152125279642058,0.12304250559284116,0.11521252796420582
117,TX,Tarrant,48439106515,13.3,"(11.8, 14.9)",5.4,0.7192393736017897,0.5480984340044742,0.633668903803132,0.639821029082774
118,TX,Tarrant,48439106518,8.1,"( 7.1,  9.3)",2.7,0.0738255033557047,0.02237136465324385,0.04809843400447428,0.03467561521252797
119,TX,Tarrant,48439106519,15.2,"(13.3, 17.1)",5.5,0.8322147651006712,0.5861297539149888,0.70917225950783,0.7337807606263982
120,TX,Tarrant,48439106520,15.5,"(13.7, 17.3)",5.4,0.8445190156599552,0.5480984340044742,0.6963087248322147,0.7225950782997763
121,TX,Tarrant,48439106521,13.1,"(11.5, 14.8)",5.0,0.7058165548098434,0.42393736017897093,0.5648769574944071,0.5760626398210291
122,TX,Tarrant,48439106522,13.7,"(12.1, 15.4)",4.7,0.743847874720358,0.3378076062639821,0.54082774049217,0.5436241610738255
123,TX,Tarrant,48439106523,9.9,"( 8.7, 11.3)",3.3,0.28187919463087246,0.0738255033557047,0.17785234899328858,0.15436241610738255
124,TX,Tarrant,48439106524,11.9,"(10.4, 13.5)",4.4,0.5850111856823266,0.28635346756152125,0.4356823266219239,0.42953020134228187
125,TX,Tarrant,48439106525,10.7,"( 9.3, 12.1)",4.2,0.3959731543624161,0.23937360178970918,0.31767337807606266,0.29082774049217003
126,TX,Tarrant,48439106526,10.2,"( 8.8, 11.5)",4.0,0.33109619686800895,0.20693512304250558,0.2690156599552573,0.24384787472035793
127,TX,Tarrant,48439106600,13.3,"(11.8, 14.9)",5.6,0.7192393736017897,0.6196868008948546,0.6694630872483222,0.6845637583892618
128,TX,Tarrant,48439106700,11.2,"( 9.8, 12.8)",5.6,0.4899328859060403,0.6196868008948546,0.5548098434004475,0.5615212527964206
129,TX,Tarrant,48439110102,14.7,"(12.9, 16.5)",6.9,0.8042505592841164,0.8736017897091722,0.8389261744966443,0.8568232662192393
130,TX,Tarrant,48439110103,11.2,"( 9.8, 12.6)",4.9,0.4899328859060403,0.39373601789709173,0.441834451901566,0.436241610738255
131,TX,Tarrant,48439110104,13.4,"(11.8, 15.1)",6.5,0.7259507829977628,0.8109619686800895,0.7684563758389262,0.8053691275167785
132,TX,Tarrant,48439110202,14.1,"(12.4, 15.9)",6.3,0.7762863534675615,0.7762863534675615,0.7762863534675615,0.8187919463087249
133,TX,Tarrant,48439110204,13.9,"(12.3, 15.5)",6.1,0.7628635346756152,0.7472035794183445,0.7550335570469798,0.7807606263982103
134,TX,Tarrant,48439110205,11.1,"( 9.7, 12.5)",4.5,0.4720357941834452,0.30648769574944074,0.38926174496644295,0.37919463087248323
135,TX,Tarrant,48439110206,15.8,"(14.0, 17.7)",6.8,0.8668903803131991,0.8579418344519015,0.8624161073825503,0.8814317673378076
136,TX,Tarrant,48439110301,16.3,"(14.3, 18.1)",7.6,0.8825503355704698,0.9552572706935123,0.918903803131991,0.930648769574944
137,TX,Tarrant,48439110302,14.8,"(13.1, 16.6)",6.2,0.8131991051454138,0.7628635346756152,0.7880313199105144,0.8232662192393736
138,TX,Tarrant,48439110401,13.4,"(11.8, 15.3)",6.9,0.7259507829977628,0.8736017897091722,0.7997762863534675,0.8277404921700223
139,TX,Tarrant,48439110402,18.3,"(16.3, 20.4)",8.2,0.941834451901566,0.9742729306487695,0.9580536912751678,0.9675615212527964
140,TX,Tarrant,48439110500,13.8,"(12.1, 15.7)",6.4,0.7539149888143176,0.7930648769574944,0.773489932885906,0.8120805369127517
141,TX,Tarrant,48439110600,11.7,"(10.2, 13.3)",6.5,0.5514541387024608,0.8109619686800895,0.6812080536912752,0.7046979865771812
142,TX,Tarrant,48439110703,10.8,"( 9.4, 12.2)",5.1,0.41498881431767337,0.4519015659955257,0.43344519015659955,0.42393736017897093
143,TX,Tarrant,48439110704,15.0,"(13.1, 17.0)",7.8,0.8210290827740492,0.9642058165548099,0.8926174496644295,0.9161073825503355
144,TX,Tarrant,48439110705,10.8,"( 9.4, 12.2)",5.5,0.41498881431767337,0.5861297539149888,0.5005592841163311,0.49217002237136465
145,TX,Tarrant,48439110706,14.3,"(12.6, 16.0)",6.9,0.7829977628635347,0.8736017897091722,0.8282997762863535,0.854586129753915
146,TX,Tarrant,48439110805,9.1,"( 7.9, 10.4)",4.1,0.16778523489932887,0.22595078299776286,0.19686800894854586,0.18008948545861297
147,TX,Tarrant,48439110806,9.1,"( 7.8, 10.3)",4.3,0.16778523489932887,0.26174496644295303,0.21476510067114096,0.19574944071588368
148,TX,Tarrant,48439110807,10.3,"( 9.1, 11.7)",4.8,0.34675615212527966,0.3624161073825503,0.354586129753915,0.3422818791946309
149,TX,Tarrant,48439110808,8.7,"( 7.5, 10.1)",4.5,0.12416107382550336,0.30648769574944074,0.21532438478747204,0.19910514541387025
150,TX,Tarrant,48439110809,10.2,"( 8.8, 11.8)",5.6,0.33109619686800895,0.6196868008948546,0.4753914988814318,0.4753914988814318
151,TX,Tarrant,48439110901,11.1,"( 9.5, 12.7)",6.3,0.4720357941834452,0.7762863534675615,0.6241610738255033,0.62751677852349
152,TX,Tarrant,48439110903,9.5,"( 8.1, 11.0)",5.2,0.2214765100671141,0.48210290827740493,0.3517897091722595,0.3333333333333333
153,TX,Tarrant,48439110905,11.5,"( 9.9, 13.3)",6.3,0.5279642058165548,0.7762863534675615,0.6521252796420581,0.6599552572706935
154,TX,Tarrant,48439110906,11.1,"( 9.6, 12.7)",6.3,0.4720357941834452,0.7762863534675615,0.6241610738255033,0.62751677852349
155,TX,Tarrant,48439110907,10.0,"( 8.7, 11.4)",5.4,0.30648769574944074,0.5480984340044742,0.4272930648769575,0.41498881431767337
156,TX,Tarrant,48439111003,12.5,"(11.0, 14.3)",5.9,0.6577181208053692,0.6901565995525727,0.6739373601789709,0.6957494407158836
157,TX,Tarrant,48439111010,12.2,"(10.7, 13.9)",7.0,0.6319910514541387,0.883668903803132,0.7578299776286354,0.7863534675615212
158,TX,Tarrant,48439111015,10.8,"( 9.5, 12.3)",5.3,0.41498881431767337,0.5123042505592841,0.46364653243847875,0.4597315436241611
159,TX,Tarrant,48439111018,12.1,"(10.6, 13.9)",6.0,0.6118568232662193,0.7237136465324385,0.667785234899329,0.6789709172259508
160,TX,Tarrant,48439111019,12.7,"(11.1, 14.4)",4.7,0.6756152125279642,0.3378076062639821,0.5067114093959731,0.5033557046979866
161,TX,Tarrant,48439111020,14.7,"(12.9, 16.5)",5.5,0.8042505592841164,0.5861297539149888,0.6951901565995526,0.7203579418344519
162,TX,Tarrant,48439111021,11.8,"(10.4, 13.3)",4.8,0.5682326621923938,0.3624161073825503,0.46532438478747207,0.465324384787472
163,TX,Tarrant,48439111022,9.7,"( 8.5, 10.9)",4.0,0.25615212527964204,0.20693512304250558,0.23154362416107382,0.21700223713646533
164,TX,Tarrant,48439111023,11.4,"(10.0, 12.9)",3.6,0.5156599552572707,0.12863534675615212,0.3221476510067114,0.2941834451901566
165,TX,Tarrant,48439111024,12.7,"(11.1, 14.5)",4.9,0.6756152125279642,0.39373601789709173,0.5346756152125279,0.5302013422818792
166,TX,Tarrant,48439111025,12.7,"(11.1, 14.3)",4.6,0.6756152125279642,0.3221476510067114,0.4988814317673378,0.4888143176733781
167,TX,Tarrant,48439111026,11.8,"(10.3, 13.2)",3.9,0.5682326621923938,0.18232662192393737,0.37527964205816555,0.3624161073825503
168,TX,Tarrant,48439111027,11.0,"( 9.6, 12.5)",3.8,0.4541387024608501,0.1644295302013423,0.3092841163310962,0.2841163310961969
169,TX,Tarrant,48439111028,10.8,"( 9.5, 12.2)",4.4,0.41498881431767337,0.28635346756152125,0.3506711409395973,0.33109619686800895
170,TX,Tarrant,48439111029,10.0,"( 8.7, 11.2)",4.7,0.30648769574944074,0.3378076062639821,0.3221476510067114,0.2941834451901566
171,TX,Tarrant,48439111030,9.5,"( 8.2, 10.8)",5.0,0.2214765100671141,0.42393736017897093,0.3227069351230425,0.2975391498881432
172,TX,Tarrant,48439111031,9.2,"( 8.0, 10.5)",3.3,0.18456375838926176,0.0738255033557047,0.12919463087248323,0.12080536912751678
173,TX,Tarrant,48439111032,11.3,"( 9.7, 12.8)",4.6,0.5022371364653244,0.3221476510067114,0.4121923937360179,0.40492170022371365
174,TX,Tarrant,48439111033,10.0,"( 8.7, 11.3)",3.7,0.30648769574944074,0.14988814317673377,0.22818791946308725,0.21140939597315436
175,TX,Tarrant,48439111102,15.7,"(13.8, 17.6)",5.8,0.8590604026845637,0.6599552572706935,0.7595078299776286,0.7919463087248322
176,TX,Tarrant,48439111103,17.6,"(15.6, 19.5)",6.8,0.9250559284116331,0.8579418344519015,0.8914988814317673,0.9105145413870246
177,TX,Tarrant,48439111104,22.2,"(19.8, 24.6)",9.1,0.9932885906040269,0.9865771812080537,0.9899328859060403,0.9899328859060402
178,TX,Tarrant,48439111202,16.1,"(14.3, 18.0)",6.5,0.8769574944071589,0.8109619686800895,0.8439597315436242,0.8590604026845637
179,TX,Tarrant,48439111203,9.9,"( 8.7, 11.2)",4.9,0.28187919463087246,0.39373601789709173,0.3378076062639821,0.3143176733780761
180,TX,Tarrant,48439111204,11.3,"( 9.7, 12.9)",6.1,0.5022371364653244,0.7472035794183445,0.6247203579418344,0.6331096196868009
181,TX,Tarrant,48439111304,9.9,"( 8.4, 11.3)",5.3,0.28187919463087246,0.5123042505592841,0.3970917225950783,0.3859060402684564
182,TX,Tarrant,48439111306,11.8,"(10.3, 13.4)",5.1,0.5682326621923938,0.4519015659955257,0.5100671140939598,0.5067114093959731
183,TX,Tarrant,48439111307,10.9,"( 9.4, 12.3)",4.5,0.4373601789709172,0.30648769574944074,0.371923937360179,0.3579418344519016
184,TX,Tarrant,48439111308,11.3,"( 9.9, 12.8)",5.5,0.5022371364653244,0.5861297539149888,0.5441834451901566,0.5480984340044742
185,TX,Tarrant,48439111309,11.7,"(10.3, 13.2)",4.9,0.5514541387024608,0.39373601789709173,0.4725950782997763,0.4720357941834452
186,TX,Tarrant,48439111311,9.4,"( 8.2, 10.8)",4.2,0.21140939597315436,0.23937360178970918,0.22539149888143178,0.2080536912751678
187,TX,Tarrant,48439111312,10.3,"( 8.8, 12.0)",5.8,0.34675615212527966,0.6599552572706935,0.5033557046979866,0.4966442953020134
188,TX,Tarrant,48439111314,9.4,"( 8.2, 10.8)",3.5,0.21140939597315436,0.10850111856823266,0.1599552572706935,0.13870246085011187
189,TX,Tarrant,48439111315,11.2,"( 9.8, 12.8)",3.8,0.4899328859060403,0.1644295302013423,0.3271812080536913,0.3042505592841163
190,TX,Tarrant,48439111316,9.6,"( 8.3, 11.0)",3.1,0.23825503355704697,0.049217002237136466,0.14373601789709173,0.13087248322147652
191,TX,Tarrant,48439111317,13.2,"(11.7, 14.9)",7.1,0.7125279642058165,0.8959731543624161,0.8042505592841163,0.8344519015659956
192,TX,Tarrant,48439111318,12.2,"(10.7, 13.8)",6.0,0.6319910514541387,0.7237136465324385,0.6778523489932886,0.7002237136465325
193,TX,Tarrant,48439111319,9.5,"( 8.2, 10.7)",3.9,0.2214765100671141,0.18232662192393737,0.20190156599552572,0.18568232662192394
194,TX,Tarrant,48439111320,9.1,"( 7.9, 10.5)",3.0,0.16778523489932887,0.04138702460850112,0.10458612975391499,0.087248322147651
195,TX,Tarrant,48439111402,9.8,"( 8.5, 11.3)",4.5,0.2662192393736018,0.30648769574944074,0.28635346756152125,0.2550335570469799
196,TX,Tarrant,48439111405,12.9,"(11.2, 14.5)",6.7,0.6901565995525727,0.8411633109619687,0.7656599552572707,0.7986577181208053
197,TX,Tarrant,48439111406,9.9,"( 8.5, 11.2)",4.6,0.28187919463087246,0.3221476510067114,0.30201342281879195,0.2751677852348993
198,TX,Tarrant,48439111407,10.2,"( 8.8, 11.8)",4.8,0.33109619686800895,0.3624161073825503,0.34675615212527966,0.3232662192393736
199,TX,Tarrant,48439111408,11.9,"(10.4, 13.6)",5.9,0.5850111856823266,0.6901565995525727,0.6375838926174496,0.6431767337807607
200,TX,Tarrant,48439111409,11.1,"( 9.6, 12.7)",5.2,0.4720357941834452,0.48210290827740493,0.47706935123042504,0.47874720357941836
201,TX,Tarrant,48439111410,10.2,"( 8.9, 11.6)",4.3,0.33109619686800895,0.26174496644295303,0.296420581655481,0.26174496644295303
202,TX,Tarrant,48439111411,11.2,"( 9.8, 12.7)",5.2,0.4899328859060403,0.48210290827740493,0.4860178970917226,0.48322147651006714
203,TX,Tarrant,48439111505,9.5,"( 8.2, 10.9)",5.1,0.2214765100671141,0.4519015659955257,0.3366890380313199,0.31096196868008946
204,TX,Tarrant,48439111506,13.9,"(12.2, 15.8)",7.8,0.7628635346756152,0.9642058165548099,0.8635346756152125,0.8881431767337807
205,TX,Tarrant,48439111513,13.8,"(12.2, 15.5)",5.2,0.7539149888143176,0.48210290827740493,0.6180089485458613,0.6196868008948546
206,TX,Tarrant,48439111514,11.0,"( 9.7, 12.4)",4.0,0.4541387024608501,0.20693512304250558,0.33053691275167785,0.3087248322147651
207,TX,Tarrant,48439111516,13.3,"(11.7, 14.9)",5.2,0.7192393736017897,0.48210290827740493,0.6006711409395973,0.6040268456375839
208,TX,Tarrant,48439111522,15.3,"(13.5, 17.2)",6.2,0.8389261744966443,0.7628635346756152,0.8008948545861297,0.8299776286353467
209,TX,Tarrant,48439111525,16.5,"(14.6, 18.3)",7.1,0.889261744966443,0.8959731543624161,0.8926174496644295,0.9161073825503355
210,TX,Tarrant,48439111526,12.7,"(11.2, 14.5)",6.0,0.6756152125279642,0.7237136465324385,0.6996644295302014,0.727069351230425
211,TX,Tarrant,48439111529,12.2,"(10.5, 14.1)",7.0,0.6319910514541387,0.883668903803132,0.7578299776286354,0.7863534675615212
212,TX,Tarrant,48439111530,10.9,"( 9.4, 12.6)",5.8,0.4373601789709172,0.6599552572706935,0.5486577181208053,0.5559284116331096
213,TX,Tarrant,48439111531,12.8,"(11.1, 14.6)",6.5,0.6845637583892618,0.8109619686800895,0.7477628635346756,0.7762863534675615
214,TX,Tarrant,48439111532,10.9,"( 9.5, 12.3)",5.1,0.4373601789709172,0.4519015659955257,0.4446308724832215,0.4395973154362416
215,TX,Tarrant,48439111533,11.4,"( 9.9, 13.0)",5.4,0.5156599552572707,0.5480984340044742,0.5318791946308725,0.5246085011185683
216,TX,Tarrant,48439111534,10.6,"( 9.1, 12.1)",5.0,0.3825503355704698,0.42393736017897093,0.40324384787472034,0.3926174496644295
217,TX,Tarrant,48439111536,11.9,"(10.5, 13.4)",3.9,0.5850111856823266,0.18232662192393737,0.38366890380313196,0.37360178970917224
218,TX,Tarrant,48439111538,9.6,"( 8.4, 11.0)",3.4,0.23825503355704697,0.09060402684563758,0.16442953020134227,0.14317673378076062
219,TX,Tarrant,48439111540,11.4,"(10.0, 12.9)",4.1,0.5156599552572707,0.22595078299776286,0.37080536912751677,0.35570469798657717
220,TX,Tarrant,48439111541,12.0,"(10.4, 13.6)",4.3,0.5961968680089486,0.26174496644295303,0.4289709172259508,0.41834451901565994
221,TX,Tarrant,48439111542,11.8,"(10.3, 13.4)",4.2,0.5682326621923938,0.23937360178970918,0.40380313199105144,0.3959731543624161
222,TX,Tarrant,48439111543,12.2,"(10.7, 13.8)",4.3,0.6319910514541387,0.26174496644295303,0.44686800894854584,0.44742729306487694
223,TX,Tarrant,48439111544,12.5,"(11.0, 14.1)",4.8,0.6577181208053692,0.3624161073825503,0.5100671140939598,0.5067114093959731
224,TX,Tarrant,48439111545,11.6,"(10.0, 13.3)",6.3,0.5380313199105146,0.7762863534675615,0.657158836689038,0.6633109619686801
225,TX,Tarrant,48439111546,10.2,"( 8.8, 11.6)",4.8,0.33109619686800895,0.3624161073825503,0.34675615212527966,0.3232662192393736
226,TX,Tarrant,48439111551,9.9,"( 8.6, 11.2)",4.0,0.28187919463087246,0.20693512304250558,0.244407158836689,0.21923937360178972
227,TX,Tarrant,48439111552,12.7,"(11.0, 14.5)",6.8,0.6756152125279642,0.8579418344519015,0.7667785234899329,0.8031319910514542
228,TX,Tarrant,48439111553,12.1,"(10.5, 13.6)",5.4,0.6118568232662193,0.5480984340044742,0.5799776286353467,0.5861297539149888
229,TX,Tarrant,48439111554,12.9,"(11.4, 14.6)",4.6,0.6901565995525727,0.3221476510067114,0.506152125279642,0.5011185682326622
230,TX,Tarrant,48439111555,12.1,"(10.5, 13.7)",4.3,0.6118568232662193,0.26174496644295303,0.4368008948545862,0.4317673378076063
231,TX,Tarrant,48439111556,15.2,"(13.3, 17.0)",5.3,0.8322147651006712,0.5123042505592841,0.6722595078299776,0.6912751677852349
232,TX,Tarrant,48439111557,12.5,"(11.0, 14.1)",4.9,0.6577181208053692,0.39373601789709173,0.5257270693512305,0.5167785234899329
233,TX,Tarrant,48439111558,14.3,"(12.6, 16.1)",5.5,0.7829977628635347,0.5861297539149888,0.6845637583892618,0.7069351230425056
234,TX,Tarrant,48439111559,8.1,"( 7.1,  9.2)",2.8,0.0738255033557047,0.029082774049217,0.05145413870246085,0.042505592841163314
235,TX,Tarrant,48439111560,14.8,"(13.1, 16.6)",5.3,0.8131991051454138,0.5123042505592841,0.662751677852349,0.674496644295302
236,TX,Tarrant,48439111561,11.6,"(10.3, 13.1)",4.0,0.5380313199105146,0.20693512304250558,0.3724832214765101,0.36017897091722595
237,TX,Tarrant,48439111562,11.1,"( 9.7, 12.5)",3.7,0.4720357941834452,0.14988814317673377,0.3109619686800895,0.28635346756152125
238,TX,Tarrant,48439111563,12.1,"(10.5, 13.7)",3.9,0.6118568232662193,0.18232662192393737,0.3970917225950783,0.3859060402684564
239,TX,Tarrant,48439111564,9.2,"( 8.0, 10.4)",3.1,0.18456375838926176,0.049217002237136466,0.11689038031319911,0.09843400447427293
240,TX,Tarrant,48439111565,10.2,"( 8.9, 11.6)",3.6,0.33109619686800895,0.12863534675615212,0.22986577181208054,0.21476510067114093
241,TX,Tarrant,48439111566,9.3,"( 8.1, 10.7)",3.2,0.20134228187919462,0.06152125279642058,0.1314317673378076,0.12304250559284116
242,TX,Tarrant,48439111567,10.8,"( 9.4, 12.2)",3.6,0.41498881431767337,0.12863534675615212,0.27181208053691275,0.2505592841163311
243,TX,Tarrant,48439111568,10.6,"( 9.2, 12.1)",3.6,0.3825503355704698,0.12863534675615212,0.25559284116331094,0.23042505592841164
244,TX,Tarrant,48439111569,14.6,"(12.9, 16.2)",5.4,0.796420581655481,0.5480984340044742,0.6722595078299776,0.6912751677852349
245,TX,Tarrant,48439111570,15.2,"(13.4, 16.9)",5.2,0.8322147651006712,0.48210290827740493,0.6571588366890381,0.6666666666666666
246,TX,Tarrant,48439111571,12.1,"(10.7, 13.7)",4.4,0.6118568232662193,0.28635346756152125,0.44910514541387025,0.4541387024608501
247,TX,Tarrant,48439111572,12.0,"(10.4, 13.5)",3.9,0.5961968680089486,0.18232662192393737,0.38926174496644295,0.37919463087248323
248,TX,Tarrant,48439113003,8.4,"( 7.4,  9.5)",3.2,0.09843400447427293,0.06152125279642058,0.07997762863534676,0.06263982102908278
249,TX,Tarrant,48439113004,10.4,"( 9.1, 11.9)",5.1,0.3568232662192394,0.4519015659955257,0.40436241610738255,0.3982102908277405
250,TX,Tarrant,48439113005,13.5,"(11.9, 15.1)",5.0,0.7304250559284117,0.42393736017897093,0.5771812080536913,0.5838926174496645
251,TX,Tarrant,48439113006,11.9,"(10.3, 13.5)",3.5,0.5850111856823266,0.10850111856823266,0.3467561521252796,0.319910514541387
252,TX,Tarrant,48439113007,15.9,"(14.2, 17.7)",6.2,0.87248322147651,0.7628635346756152,0.8176733780760626,0.843400447427293
253,TX,Tarrant,48439113102,9.2,"( 8.0, 10.5)",4.3,0.18456375838926176,0.26174496644295303,0.2231543624161074,0.20469798657718122
254,TX,Tarrant,48439113104,9.4,"( 8.2, 10.7)",3.6,0.21140939597315436,0.12863534675615212,0.17002237136465326,0.14988814317673377
255,TX,Tarrant,48439113107,12.0,"(10.4, 13.9)",7.1,0.5961968680089486,0.8959731543624161,0.7460850111856823,0.7740492170022372
256,TX,Tarrant,48439113108,10.8,"( 9.3, 12.5)",5.8,0.41498881431767337,0.6599552572706935,0.5374720357941835,0.5380313199105146
257,TX,Tarrant,48439113109,12.3,"(10.8, 13.9)",5.0,0.6431767337807607,0.42393736017897093,0.5335570469798658,0.5279642058165548
258,TX,Tarrant,48439113110,10.7,"( 9.4, 12.1)",4.3,0.3959731543624161,0.26174496644295303,0.32885906040268453,0.30648769574944074
259,TX,Tarrant,48439113112,10.6,"( 9.2, 12.1)",5.3,0.3825503355704698,0.5123042505592841,0.44742729306487694,0.44966442953020136
260,TX,Tarrant,48439113115,13.1,"(11.5, 14.8)",5.0,0.7058165548098434,0.42393736017897093,0.5648769574944071,0.5760626398210291
261,TX,Tarrant,48439113116,9.9,"( 8.6, 11.2)",3.4,0.28187919463087246,0.09060402684563758,0.18624161073825501,0.1610738255033557
262,TX,Tarrant,48439113117,8.8,"( 7.6, 10.0)",3.2,0.13646532438478748,0.06152125279642058,0.09899328859060402,0.08501118568232663
263,TX,Tarrant,48439113118,8.4,"( 7.3,  9.6)",2.6,0.09843400447427293,0.015659955257270694,0.05704697986577181,0.0447427293064877
264,TX,Tarrant,48439113119,8.3,"( 7.3,  9.5)",3.4,0.0894854586129754,0.09060402684563758,0.09004474272930649,0.07158836689038031
265,TX,Tarrant,48439113120,8.4,"( 7.2,  9.6)",3.4,0.09843400447427293,0.09060402684563758,0.09451901565995526,0.07941834451901567
266,TX,Tarrant,48439113121,6.7,"( 5.8,  7.7)",2.2,0.015659955257270694,0.005592841163310962,0.010626398210290829,0.007829977628635347
267,TX,Tarrant,48439113122,6.8,"( 5.9,  7.8)",2.2,0.01901565995525727,0.005592841163310962,0.012304250559284116,0.012304250559284116
268,TX,Tarrant,48439113206,12.8,"(11.3, 14.5)",6.4,0.6845637583892618,0.7930648769574944,0.7388143176733781,0.767337807606264
269,TX,Tarrant,48439113207,9.7,"( 8.3, 11.1)",5.1,0.25615212527964204,0.4519015659955257,0.3540268456375839,0.3378076062639821
270,TX,Tarrant,48439113210,10.2,"( 8.7, 11.7)",5.4,0.33109619686800895,0.5480984340044742,0.4395973154362416,0.43400447427293065
271,TX,Tarrant,48439113212,12.3,"(10.6, 14.0)",7.2,0.6431767337807607,0.9082774049217002,0.7757270693512304,0.8165548098434005
272,TX,Tarrant,48439113213,12.0,"(10.4, 13.6)",6.8,0.5961968680089486,0.8579418344519015,0.727069351230425,0.7539149888143176
273,TX,Tarrant,48439113214,10.3,"( 8.9, 11.7)",4.8,0.34675615212527966,0.3624161073825503,0.354586129753915,0.3422818791946309
274,TX,Tarrant,48439113215,11.0,"( 9.6, 12.6)",5.6,0.4541387024608501,0.6196868008948546,0.5369127516778524,0.5346756152125279
275,TX,Tarrant,48439113216,10.6,"( 9.2, 12.2)",5.4,0.3825503355704698,0.5480984340044742,0.465324384787472,0.46308724832214765
276,TX,Tarrant,48439113217,11.0,"( 9.6, 12.6)",5.5,0.4541387024608501,0.5861297539149888,0.5201342281879194,0.5145413870246085
277,TX,Tarrant,48439113218,10.4,"( 8.9, 12.0)",5.6,0.3568232662192394,0.6196868008948546,0.488255033557047,0.4854586129753915
278,TX,Tarrant,48439113221,10.0,"( 8.7, 11.6)",5.5,0.30648769574944074,0.5861297539149888,0.44630872483221473,0.44407158836689037
279,TX,Tarrant,48439113222,6.9,"( 6.0,  7.8)",2.6,0.02237136465324385,0.015659955257270694,0.019015659955257273,0.017897091722595078
280,TX,Tarrant,48439113223,10.7,"( 9.4, 12.2)",5.4,0.3959731543624161,0.5480984340044742,0.47203579418344516,0.4697986577181208
281,TX,Tarrant,48439113301,12.2,"(10.5, 13.8)",6.7,0.6319910514541387,0.8411633109619687,0.7365771812080537,0.7651006711409396
282,TX,Tarrant,48439113302,14.2,"(12.5, 15.9)",7.3,0.7785234899328859,0.9149888143176734,0.8467561521252797,0.8680089485458613
283,TX,Tarrant,48439113403,11.8,"(10.3, 13.6)",6.5,0.5682326621923938,0.8109619686800895,0.6895973154362416,0.7114093959731543
284,TX,Tarrant,48439113404,11.4,"( 9.9, 12.9)",5.9,0.5156599552572707,0.6901565995525727,0.6029082774049217,0.6062639821029083
285,TX,Tarrant,48439113407,13.7,"(12.0, 15.4)",6.0,0.743847874720358,0.7237136465324385,0.7337807606263982,0.7606263982102909
286,TX,Tarrant,48439113408,11.2,"( 9.8, 12.8)",5.5,0.4899328859060403,0.5861297539149888,0.5380313199105146,0.5413870246085011
287,TX,Tarrant,48439113409,12.1,"(10.4, 13.9)",6.5,0.6118568232662193,0.8109619686800895,0.7114093959731544,0.7360178970917226
288,TX,Tarrant,48439113410,9.4,"( 8.2, 10.8)",4.5,0.21140939597315436,0.30648769574944074,0.25894854586129756,0.2348993288590604
289,TX,Tarrant,48439113509,12.4,"(10.9, 14.0)",5.5,0.6498881431767338,0.5861297539149888,0.6180089485458613,0.6196868008948546
290,TX,Tarrant,48439113510,10.0,"( 8.7, 11.4)",3.9,0.30648769574944074,0.18232662192393737,0.24440715883668906,0.2214765100671141
291,TX,Tarrant,48439113511,12.2,"(10.8, 13.8)",5.1,0.6319910514541387,0.4519015659955257,0.5419463087248322,0.5458612975391499
292,TX,Tarrant,48439113512,10.7,"( 9.4, 12.1)",5.8,0.3959731543624161,0.6599552572706935,0.5279642058165548,0.5190156599552572
293,TX,Tarrant,48439113513,12.1,"(10.6, 13.7)",5.2,0.6118568232662193,0.48210290827740493,0.5469798657718121,0.5525727069351231
294,TX,Tarrant,48439113514,13.6,"(11.9, 15.3)",5.7,0.7360178970917226,0.6431767337807607,0.6895973154362416,0.7114093959731543
295,TX,Tarrant,48439113516,11.6,"(10.1, 13.2)",5.9,0.5380313199105146,0.6901565995525727,0.6140939597315436,0.6152125279642058
296,TX,Tarrant,48439113517,9.8,"( 8.6, 11.2)",4.2,0.2662192393736018,0.23937360178970918,0.2527964205816555,0.22595078299776286
297,TX,Tarrant,48439113519,9.9,"( 8.6, 11.3)",4.2,0.28187919463087246,0.23937360178970918,0.2606263982102908,0.23825503355704697
298,TX,Tarrant,48439113520,9.0,"( 7.8, 10.3)",3.6,0.15883668903803133,0.12863534675615212,0.14373601789709173,0.13087248322147652
299,TX,Tarrant,48439113521,7.8,"( 6.8,  8.9)",2.8,0.04697986577181208,0.029082774049217,0.03803131991051454,0.03131991051454139
300,TX,Tarrant,48439113522,8.8,"( 7.7, 10.0)",3.4,0.13646532438478748,0.09060402684563758,0.11353467561521252,0.09619686800894854
301,TX,Tarrant,48439113607,10.6,"( 9.3, 12.1)",5.0,0.3825503355704698,0.42393736017897093,0.40324384787472034,0.3926174496644295
302,TX,Tarrant,48439113611,11.6,"(10.0, 13.3)",6.7,0.5380313199105146,0.8411633109619687,0.6895973154362416,0.7114093959731543
303,TX,Tarrant,48439113612,10.5,"( 9.1, 12.0)",6.0,0.3680089485458613,0.7237136465324385,0.5458612975391499,0.5503355704697986
304,TX,Tarrant,48439113613,11.8,"(10.3, 13.6)",7.1,0.5682326621923938,0.8959731543624161,0.7321029082774049,0.7583892617449665
305,TX,Tarrant,48439113618,11.3,"( 9.8, 12.9)",5.9,0.5022371364653244,0.6901565995525727,0.5961968680089486,0.5950782997762863
306,TX,Tarrant,48439113619,10.0,"( 8.8, 11.3)",4.0,0.30648769574944074,0.20693512304250558,0.25671140939597314,0.232662192393736
307,TX,Tarrant,48439113622,9.2,"( 7.8, 10.6)",4.7,0.18456375838926176,0.3378076062639821,0.2611856823266219,0.24161073825503357
308,TX,Tarrant,48439113623,10.6,"( 9.1, 12.2)",5.9,0.3825503355704698,0.6901565995525727,0.5363534675615212,0.5324384787472036
309,TX,Tarrant,48439113624,10.8,"( 9.3, 12.3)",5.3,0.41498881431767337,0.5123042505592841,0.46364653243847875,0.4597315436241611
310,TX,Tarrant,48439113625,10.9,"( 9.3, 12.5)",6.1,0.4373601789709172,0.7472035794183445,0.5922818791946308,0.5928411633109619
311,TX,Tarrant,48439113626,9.8,"( 8.3, 11.4)",5.4,0.2662192393736018,0.5480984340044742,0.407158836689038,0.4004474272930649
312,TX,Tarrant,48439113628,10.8,"( 9.4, 12.3)",4.7,0.41498881431767337,0.3378076062639821,0.37639821029082776,0.36465324384787473
313,TX,Tarrant,48439113629,11.7,"(10.1, 13.6)",7.1,0.5514541387024608,0.8959731543624161,0.7237136465324385,0.7483221476510067
314,TX,Tarrant,48439113630,10.6,"( 9.1, 12.1)",5.2,0.3825503355704698,0.48210290827740493,0.43232662192393734,0.42058165548098436
315,TX,Tarrant,48439113632,10.0,"( 8.5, 11.6)",5.4,0.30648769574944074,0.5480984340044742,0.4272930648769575,0.41498881431767337
316,TX,Tarrant,48439113633,9.1,"( 7.9, 10.5)",4.3,0.16778523489932887,0.26174496644295303,0.21476510067114096,0.19574944071588368
317,TX,Tarrant,48439113634,9.6,"( 8.1, 11.0)",4.9,0.23825503355704697,0.39373601789709173,0.31599552572706935,0.28859060402684567
318,TX,Tarrant,48439113635,11.9,"(10.3, 13.6)",5.3,0.5850111856823266,0.5123042505592841,0.5486577181208053,0.5559284116331096
319,TX,Tarrant,48439113636,8.0,"( 7.0,  9.2)",3.4,0.06599552572706935,0.09060402684563758,0.07829977628635346,0.06040268456375839
320,TX,Tarrant,48439113637,10.3,"( 8.9, 11.8)",4.8,0.34675615212527966,0.3624161073825503,0.354586129753915,0.3422818791946309
321,TX,Tarrant,48439113638,10.8,"( 9.3, 12.3)",5.4,0.41498881431767337,0.5480984340044742,0.48154362416107377,0.4809843400447427
322,TX,Tarrant,48439113639,9.9,"( 8.6, 11.5)",5.2,0.28187919463087246,0.48210290827740493,0.3819910514541387,0.37024608501118567
323,TX,Tarrant,48439113640,9.6,"( 8.3, 11.0)",4.8,0.23825503355704697,0.3624161073825503,0.30033557046979864,0.2695749440715884
324,TX,Tarrant,48439113707,9.6,"( 8.2, 11.0)",5.1,0.23825503355704697,0.4519015659955257,0.34507829977628635,0.31767337807606266
325,TX,Tarrant,48439113709,10.2,"( 8.8, 11.8)",5.0,0.33109619686800895,0.42393736017897093,0.37751677852348997,0.3668903803131991
326,TX,Tarrant,48439113710,8.9,"( 7.7, 10.2)",4.1,0.1487695749440716,0.22595078299776286,0.18736017897091722,0.16331096196868009
327,TX,Tarrant,48439113711,8.8,"( 7.5, 10.2)",4.5,0.13646532438478748,0.30648769574944074,0.2214765100671141,0.20134228187919462
328,TX,Tarrant,48439113712,9.9,"( 8.5, 11.4)",5.0,0.28187919463087246,0.42393736017897093,0.3529082774049217,0.33557046979865773
329,TX,Tarrant,48439113713,9.6,"( 8.4, 11.0)",3.5,0.23825503355704697,0.10850111856823266,0.17337807606263983,0.15212527964205816
330,TX,Tarrant,48439113714,11.8,"(10.0, 13.6)",6.0,0.5682326621923938,0.7237136465324385,0.6459731543624161,0.6521252796420581
331,TX,Tarrant,48439113715,6.8,"( 5.8,  7.8)",2.9,0.01901565995525727,0.035794183445190156,0.02740492170022371,0.02237136465324385
332,TX,Tarrant,48439113716,7.8,"( 6.7,  9.0)",3.8,0.04697986577181208,0.1644295302013423,0.1057046979865772,0.09172259507829977
333,TX,Tarrant,48439113803,9.7,"( 8.3, 11.2)",4.7,0.25615212527964204,0.3378076062639821,0.29697986577181207,0.2639821029082774
334,TX,Tarrant,48439113808,12.4,"(10.8, 14.0)",5.9,0.6498881431767338,0.6901565995525727,0.6700223713646533,0.6868008948545862
335,TX,Tarrant,48439113809,11.2,"( 9.8, 12.7)",5.4,0.4899328859060403,0.5480984340044742,0.5190156599552572,0.5123042505592841
336,TX,Tarrant,48439113810,10.8,"( 9.5, 12.3)",5.1,0.41498881431767337,0.4519015659955257,0.43344519015659955,0.42393736017897093
337,TX,Tarrant,48439113811,11.7,"(10.2, 13.3)",5.4,0.5514541387024608,0.5480984340044742,0.5497762863534675,0.5592841163310962
338,TX,Tarrant,48439113812,9.3,"( 8.0, 10.7)",4.5,0.20134228187919462,0.30648769574944074,0.2539149888143177,0.22818791946308725
339,TX,Tarrant,48439113813,9.6,"( 8.3, 11.0)",4.8,0.23825503355704697,0.3624161073825503,0.30033557046979864,0.2695749440715884
340,TX,Tarrant,48439113814,9.9,"( 8.4, 11.5)",5.2,0.28187919463087246,0.48210290827740493,0.3819910514541387,0.37024608501118567
341,TX,Tarrant,48439113815,8.6,"( 7.3,  9.9)",4.3,0.11409395973154363,0.26174496644295303,0.18791946308724833,0.16554809843400448
342,TX,Tarrant,48439113816,9.3,"( 7.9, 10.8)",4.8,0.20134228187919462,0.3624161073825503,0.28187919463087246,0.25279642058165547
343,TX,Tarrant,48439113906,8.7,"( 7.5, 10.0)",4.0,0.12416107382550336,0.20693512304250558,0.16554809843400448,0.1465324384787472
344,TX,Tarrant,48439113908,8.3,"( 7.1,  9.7)",3.7,0.0894854586129754,0.14988814317673377,0.11968680089485459,0.10738255033557047
345,TX,Tarrant,48439113912,9.6,"( 8.3, 11.1)",5.4,0.23825503355704697,0.5480984340044742,0.39317673378076057,0.3825503355704698
346,TX,Tarrant,48439113916,10.4,"( 9.2, 11.8)",4.7,0.3568232662192394,0.3378076062639821,0.34731543624161076,0.32662192393736017
347,TX,Tarrant,48439113917,10.5,"( 9.1, 11.8)",4.2,0.3680089485458613,0.23937360178970918,0.30369127516778527,0.2785234899328859
348,TX,Tarrant,48439113918,9.6,"( 8.4, 10.9)",3.9,0.23825503355704697,0.18232662192393737,0.21029082774049218,0.19015659955257272
349,TX,Tarrant,48439113919,9.3,"( 8.0, 10.6)",4.1,0.20134228187919462,0.22595078299776286,0.21364653243847875,0.19239373601789708
350,TX,Tarrant,48439113920,9.2,"( 7.9, 10.5)",3.9,0.18456375838926176,0.18232662192393737,0.18344519015659955,0.15883668903803133
351,TX,Tarrant,48439113923,7.4,"( 6.3,  8.4)",2.8,0.03467561521252797,0.029082774049217,0.031879194630872486,0.029082774049217
352,TX,Tarrant,48439113924,9.7,"( 8.5, 11.0)",3.7,0.25615212527964204,0.14988814317673377,0.2030201342281879,0.18791946308724833
353,TX,Tarrant,48439113925,11.0,"( 9.6, 12.5)",4.9,0.4541387024608501,0.39373601789709173,0.4239373601789709,0.4116331096196868
354,TX,Tarrant,48439113930,8.7,"( 7.6, 10.0)",3.4,0.12416107382550336,0.09060402684563758,0.10738255033557047,0.09395973154362416
355,TX,Tarrant,48439113931,7.4,"( 6.4,  8.3)",2.7,0.03467561521252797,0.02237136465324385,0.028523489932885907,0.024608501118568233
356,TX,Tarrant,48439113932,8.8,"( 7.7, 10.1)",3.6,0.13646532438478748,0.12863534675615212,0.1325503355704698,0.12751677852348994
357,TX,Tarrant,48439113933,7.1,"( 6.2,  8.1)",3.6,0.026845637583892617,0.12863534675615212,0.07774049217002237,0.058165548098434
358,TX,Tarrant,48439113934,10.1,"( 8.7, 11.5)",4.3,0.319910514541387,0.26174496644295303,0.29082774049217003,0.2595078299776286
359,TX,Tarrant,48439113935,7.9,"( 6.8,  9.0)",3.5,0.05592841163310962,0.10850111856823266,0.08221476510067113,0.06599552572706935
360,TX,Tarrant,48439113936,8.1,"( 7.0,  9.3)",3.3,0.0738255033557047,0.0738255033557047,0.0738255033557047,0.05592841163310962
361,TX,Tarrant,48439113938,8.9,"( 7.8, 10.1)",3.4,0.1487695749440716,0.09060402684563758,0.11968680089485459,0.10738255033557047
362,TX,Tarrant,48439113939,8.4,"( 7.3,  9.6)",3.4,0.09843400447427293,0.09060402684563758,0.09451901565995526,0.07941834451901567
363,TX,Tarrant,48439113940,7.9,"( 6.9,  9.1)",3.3,0.05592841163310962,0.0738255033557047,0.06487695749440717,0.053691275167785234
364,TX,Tarrant,48439113941,7.0,"( 6.1,  8.0)",2.9,0.024608501118568233,0.035794183445190156,0.030201342281879193,0.026845637583892617
365,TX,Tarrant,48439113942,7.6,"( 6.5,  8.7)",3.2,0.03803131991051454,0.06152125279642058,0.049776286353467564,0.040268456375838924
366,TX,Tarrant,48439113943,8.0,"( 6.9,  9.1)",3.1,0.06599552572706935,0.049217002237136466,0.057606263982102904,0.04809843400447427
367,TX,Tarrant,48439113944,8.3,"( 7.2,  9.5)",3.7,0.0894854586129754,0.14988814317673377,0.11968680089485459,0.10738255033557047
368,TX,Tarrant,48439113945,7.7,"( 6.6,  9.0)",3.3,0.04138702460850112,0.0738255033557047,0.05760626398210291,0.05145413870246085
369,TX,Tarrant,48439113946,8.5,"( 7.4,  9.7)",3.6,0.10738255033557047,0.12863534675615212,0.1180089485458613,0.1029082774049217
370,TX,Tarrant,48439113947,8.2,"( 7.0,  9.5)",3.6,0.08165548098434004,0.12863534675615212,0.10514541387024609,0.0894854586129754
371,TX,Tarrant,48439113948,10.0,"( 8.6, 11.3)",3.7,0.30648769574944074,0.14988814317673377,0.22818791946308725,0.21140939597315436
372,TX,Tarrant,48439113949,8.6,"( 7.4,  9.9)",3.6,0.11409395973154363,0.12863534675615212,0.12136465324384788,0.11185682326621924
373,TX,Tarrant,48439113950,8.7,"( 7.5, 10.0)",3.9,0.12416107382550336,0.18232662192393737,0.15324384787472037,0.13646532438478748
374,TX,Tarrant,48439113951,11.1,"( 9.5, 12.8)",6.6,0.4720357941834452,0.8266219239373602,0.6493288590604027,0.6554809843400448
375,TX,Tarrant,48439113952,10.4,"( 8.9, 11.9)",5.3,0.3568232662192394,0.5123042505592841,0.43456375838926176,0.4272930648769575
376,TX,Tarrant,48439113953,8.7,"( 7.6, 10.0)",4.3,0.12416107382550336,0.26174496644295303,0.1929530201342282,0.16778523489932887
377,TX,Tarrant,48439113954,9.3,"( 7.9, 10.8)",5.1,0.20134228187919462,0.4519015659955257,0.32662192393736017,0.30201342281879195
378,TX,Tarrant,48439113955,9.2,"( 7.9, 10.6)",4.3,0.18456375838926176,0.26174496644295303,0.2231543624161074,0.20469798657718122
379,TX,Tarrant,48439113956,9.1,"( 7.9, 10.5)",4.1,0.16778523489932887,0.22595078299776286,0.19686800894854586,0.18008948545861297
380,TX,Tarrant,48439113957,7.9,"( 6.8,  9.2)",3.6,0.05592841163310962,0.12863534675615212,0.09228187919463088,0.0738255033557047
381,TX,Tarrant,48439113958,9.6,"( 8.2, 11.3)",4.8,0.23825503355704697,0.3624161073825503,0.30033557046979864,0.2695749440715884
382,TX,Tarrant,48439114003,11.2,"( 9.8, 12.7)",4.7,0.4899328859060403,0.3378076062639821,0.4138702460850112,0.407158836689038
383,TX,Tarrant,48439114006,11.8,"(10.2, 13.3)",6.0,0.5682326621923938,0.7237136465324385,0.6459731543624161,0.6521252796420581
384,TX,Tarrant,48439114009,10.5,"( 9.3, 11.9)",4.0,0.3680089485458613,0.20693512304250558,0.28747203579418346,0.25727069351230425
385,TX,Tarrant,48439114010,8.9,"( 7.7, 10.0)",3.5,0.1487695749440716,0.10850111856823266,0.12863534675615212,0.1185682326621924
386,TX,Tarrant,48439114011,8.8,"( 7.6, 10.0)",3.8,0.13646532438478748,0.1644295302013423,0.15044742729306487,0.1342281879194631
387,TX,Tarrant,48439114012,8.0,"( 6.9,  9.1)",3.1,0.06599552572706935,0.049217002237136466,0.057606263982102904,0.04809843400447427
388,TX,Tarrant,48439114013,8.7,"( 7.5,  9.8)",3.2,0.12416107382550336,0.06152125279642058,0.09284116331096197,0.07606263982102908
389,TX,Tarrant,48439114014,10.3,"( 8.9, 11.7)",4.9,0.34675615212527966,0.39373601789709173,0.3702460850111857,0.3534675615212528
390,TX,Tarrant,48439114015,8.9,"( 7.9, 10.2)",3.9,0.1487695749440716,0.18232662192393737,0.16554809843400448,0.1465324384787472
391,TX,Tarrant,48439114105,9.5,"( 8.2, 10.9)",4.9,0.2214765100671141,0.39373601789709173,0.3076062639821029,0.28187919463087246
392,TX,Tarrant,48439114106,9.2,"( 8.0, 10.6)",4.0,0.18456375838926176,0.20693512304250558,0.19574944071588368,0.17337807606263983
393,TX,Tarrant,48439114107,9.7,"( 8.5, 11.1)",4.9,0.25615212527964204,0.39373601789709173,0.3249440715883669,0.29977628635346754
394,TX,Tarrant,48439114108,10.9,"( 9.4, 12.5)",6.2,0.4373601789709172,0.7628635346756152,0.6001118568232662,0.6017897091722595
395,TX,Tarrant,48439114109,7.8,"( 6.8,  8.8)",3.1,0.04697986577181208,0.049217002237136466,0.04809843400447428,0.03467561521252797
396,TX,Tarrant,48439114110,7.9,"( 6.8,  8.9)",3.5,0.05592841163310962,0.10850111856823266,0.08221476510067113,0.06599552572706935
397,TX,Tarrant,48439114111,10.5,"( 9.1, 12.0)",5.1,0.3680089485458613,0.4519015659955257,0.4099552572706935,0.40268456375838924
398,TX,Tarrant,48439114112,8.2,"( 7.0,  9.4)",3.8,0.08165548098434004,0.1644295302013423,0.12304250559284116,0.11521252796420582
399,TX,Tarrant,48439114113,6.0,"( 5.2,  6.9)",2.4,0.011185682326621925,0.010067114093959731,0.010626398210290829,0.007829977628635347
400,TX,Tarrant,48439114203,12.1,"(10.6, 13.7)",6.7,0.6118568232662193,0.8411633109619687,0.726510067114094,0.7516778523489933
401,TX,Tarrant,48439114204,11.5,"(10.0, 13.2)",6.4,0.5279642058165548,0.7930648769574944,0.6605145413870246,0.6711409395973155
402,TX,Tarrant,48439114205,13.7,"(11.7, 15.6)",8.2,0.743847874720358,0.9742729306487695,0.8590604026845637,0.8769574944071589
403,TX,Tarrant,48439114206,13.0,"(11.4, 14.7)",7.1,0.6968680089485458,0.8959731543624161,0.796420581655481,0.825503355704698
404,TX,Tarrant,48439114207,10.0,"( 8.7, 11.3)",4.9,0.30648769574944074,0.39373601789709173,0.35011185682326623,0.3288590604026846
405,TX,Tarrant,48439121605,12.4,"(10.7, 14.2)",7.1,0.6498881431767338,0.8959731543624161,0.772930648769575,0.8098434004474273
406,TX,Tarrant,48439121606,10.8,"( 9.3, 12.4)",5.6,0.41498881431767337,0.6196868008948546,0.517337807606264,0.5100671140939598
407,TX,Tarrant,48439121608,11.6,"( 9.9, 13.2)",6.3,0.5380313199105146,0.7762863534675615,0.657158836689038,0.6633109619686801
408,TX,Tarrant,48439121609,11.1,"( 9.7, 12.8)",5.7,0.4720357941834452,0.6431767337807607,0.5576062639821029,0.5637583892617449
409,TX,Tarrant,48439121610,12.2,"(10.6, 13.9)",6.4,0.6319910514541387,0.7930648769574944,0.7125279642058165,0.738255033557047
410,TX,Tarrant,48439121611,11.1,"( 9.7, 12.8)",5.0,0.4720357941834452,0.42393736017897093,0.44798657718120805,0.4519015659955257
411,TX,Tarrant,48439121612,11.1,"( 9.6, 12.7)",6.0,0.4720357941834452,0.7237136465324385,0.5978747203579419,0.5973154362416108
412,TX,Tarrant,48439121613,11.6,"(10.0, 13.2)",5.5,0.5380313199105146,0.5861297539149888,0.5620805369127517,0.5659955257270693
413,TX,Tarrant,48439121614,15.7,"(14.0, 17.6)",5.7,0.8590604026845637,0.6431767337807607,0.7511185682326622,0.7785234899328859
414,TX,Tarrant,48439121615,12.6,"(11.1, 14.3)",6.4,0.6655480984340044,0.7930648769574944,0.7293064876957494,0.756152125279642
415,TX,Tarrant,48439121702,12.1,"(10.6, 13.7)",5.1,0.6118568232662193,0.4519015659955257,0.5318791946308725,0.5246085011185683
416,TX,Tarrant,48439121703,15.0,"(13.2, 16.7)",5.6,0.8210290827740492,0.6196868008948546,0.7203579418344519,0.7427293064876958
417,TX,Tarrant,48439121704,17.1,"(15.2, 19.1)",7.4,0.9138702460850112,0.9250559284116331,0.9194630872483222,0.9340044742729307
418,TX,Tarrant,48439121904,14.5,"(12.7, 16.2)",5.3,0.7897091722595079,0.5123042505592841,0.651006711409396,0.6577181208053692
419,TX,Tarrant,48439121905,17.9,"(16.0, 19.9)",6.4,0.9317673378076062,0.7930648769574944,0.8624161073825503,0.8814317673378076
420,TX,Tarrant,48439121906,16.6,"(14.8, 18.5)",6.0,0.8937360178970917,0.7237136465324385,0.8087248322147651,0.8366890380313199
421,TX,Tarrant,48439121907,15.0,"(13.2, 16.8)",4.9,0.8210290827740492,0.39373601789709173,0.6073825503355704,0.6085011185682326
422,TX,Tarrant,48439121908,14.0,"(12.3, 15.7)",4.8,0.7706935123042505,0.3624161073825503,0.5665548098434005,0.5794183445190156
423,TX,Tarrant,48439122001,15.2,"(13.4, 17.1)",5.9,0.8322147651006712,0.6901565995525727,0.7611856823266219,0.7941834451901566
424,TX,Tarrant,48439122002,14.6,"(12.9, 16.4)",5.5,0.796420581655481,0.5861297539149888,0.6912751677852349,0.7170022371364653
425,TX,Tarrant,48439122100,14.5,"(12.8, 16.4)",5.9,0.7897091722595079,0.6901565995525727,0.7399328859060403,0.7695749440715883
426,TX,Tarrant,48439122200,17.0,"(15.2, 19.0)",6.9,0.9093959731543624,0.8736017897091722,0.8914988814317673,0.9105145413870246
427,TX,Tarrant,48439122300,6.3,"( 5.5,  7.0)",2.7,0.013422818791946308,0.02237136465324385,0.017897091722595078,0.015659955257270694
428,TX,Tarrant,48439122401,9.2,"( 8.1, 10.4)",4.0,0.18456375838926176,0.20693512304250558,0.19574944071588368,0.17337807606263983
429,TX,Tarrant,48439122402,5.5,"( 4.8,  6.2)",2.6,0.008948545861297539,0.015659955257270694,0.012304250559284116,0.012304250559284116
430,TX,Tarrant,48439122500,11.8,"(10.2, 13.6)",6.3,0.5682326621923938,0.7762863534675615,0.6722595078299776,0.6912751677852349
431,TX,Tarrant,48439122600,10.9,"( 9.5, 12.4)",5.9,0.4373601789709172,0.6901565995525727,0.5637583892617449,0.5704697986577181
432,TX,Tarrant,48439122701,13.5,"(11.8, 15.2)",5.6,0.7304250559284117,0.6196868008948546,0.6750559284116331,0.697986577181208
433,TX,Tarrant,48439122702,13.2,"(11.4, 15.2)",7.5,0.7125279642058165,0.9407158836689038,0.8266219239373602,0.8501118568232662
434,TX,Tarrant,48439122801,14.8,"(13.1, 16.6)",5.4,0.8131991051454138,0.5480984340044742,0.680648769574944,0.7024608501118568
435,TX,Tarrant,48439122802,14.0,"(12.3, 15.9)",6.1,0.7706935123042505,0.7472035794183445,0.7589485458612975,0.7897091722595079
436,TX,Tarrant,48439122901,13.6,"(11.9, 15.3)",5.3,0.7360178970917226,0.5123042505592841,0.6241610738255033,0.62751677852349
437,TX,Tarrant,48439122902,17.6,"(15.7, 19.8)",6.8,0.9250559284116331,0.8579418344519015,0.8914988814317673,0.9105145413870246
438,TX,Tarrant,48439123001,15.7,"(13.6, 17.9)",9.2,0.8590604026845637,0.9888143176733781,0.9239373601789709,0.9373601789709173
439,TX,Tarrant,48439123002,10.0,"( 8.7, 11.3)",5.5,0.30648769574944074,0.5861297539149888,0.44630872483221473,0.44407158836689037
440,TX,Tarrant,48439123100,16.8,"(15.0, 18.7)",6.4,0.9026845637583892,0.7930648769574944,0.8478747203579418,0.8702460850111857
441,TX,Tarrant,48439123200,8.2,"( 7.2,  9.3)",3.4,0.08165548098434004,0.09060402684563758,0.08612975391498881,0.06935123042505593
442,TX,Tarrant,48439123301,8.0,"( 6.8,  9.5)",5.8,0.06599552572706935,0.6599552572706935,0.3629753914988814,0.34675615212527966
443,TX,Tarrant,48439123302,9.0,"( 7.8, 10.4)",4.0,0.15883668903803133,0.20693512304250558,0.18288590604026844,0.15659955257270694
444,TX,Tarrant,48439123500,17.9,"(16.0, 20.0)",6.6,0.9317673378076062,0.8266219239373602,0.8791946308724832,0.8993288590604027
445,TX,Tarrant,48439123600,11.0,"( 9.7, 12.3)",4.4,0.4541387024608501,0.28635346756152125,0.37024608501118567,0.3512304250559284
446,TX,Tarrant,48439123700,9.9,"( 8.6, 11.3)",4.9,0.28187919463087246,0.39373601789709173,0.3378076062639821,0.3143176733780761
