GEO_ID,NAME,B01003_001E,B01003_001M
Geography,Geographic Area Name,Estimate!!Total,Margin of Error!!Total
1400000US48201100001,Census Tract 1000.01; Harris County; Texas,5869,917
1400000US48201210400,Census Tract 2104; Harris County; Texas,3628,585
1400000US48201210500,Census Tract 2105; Harris County; Texas,4767,585
1400000US48201210600,Census Tract 2106; Harris County; Texas,5415,1589
1400000US48201210700,Census Tract 2107; Harris County; Texas,2208,410
1400000US48201210800,Census Tract 2108; Harris County; Texas,2250,605
1400000US48201210900,Census Tract 2109; Harris County; Texas,1812,515
1400000US48201211000,Census Tract 2110; Harris County; Texas,1674,330
1400000US48201211101,Census Tract 2111.01; Harris County; Texas,2954,933
1400000US48201211102,Census Tract 2111.02; Harris County; Texas,2401,674
1400000US48201211200,Census Tract 2112; Harris County; Texas,2330,474
1400000US48201211301,Census Tract 2113.01; Harris County; Texas,2676,473
1400000US48201211302,Census Tract 2113.02; Harris County; Texas,2075,524
1400000US48201211400,Census Tract 2114; Harris County; Texas,4291,687
1400000US48201211501,Census Tract 2115.01; Harris County; Texas,3129,695
1400000US48201211502,Census Tract 2115.02; Harris County; Texas,2805,959
1400000US48201211600,Census Tract 2116; Harris County; Texas,2802,513
1400000US48201211700,Census Tract 2117; Harris County; Texas,3838,694
1400000US48201211900,Census Tract 2119; Harris County; Texas,4150,956
1400000US48201212300,Census Tract 2123; Harris County; Texas,4731,809
1400000US48201212400,Census Tract 2124; Harris County; Texas,2871,461
1400000US48201212500,Census Tract 2125; Harris County; Texas,3456,640
1400000US48201220100,Census Tract 2201; Harris County; Texas,1524,233
1400000US48201220200,Census Tract 2202; Harris County; Texas,2405,400
1400000US48201220300,Census Tract 2203; Harris County; Texas,3773,781
1400000US48201220400,Census Tract 2204; Harris County; Texas,4176,1034
1400000US48201220500,Census Tract 2205; Harris County; Texas,3429,647
1400000US48201220600,Census Tract 2206; Harris County; Texas,3168,675
1400000US48201220701,Census Tract 2207.01; Harris County; Texas,3498,563
1400000US48201220702,Census Tract 2207.02; Harris County; Texas,3805,968
1400000US48201220800,Census Tract 2208; Harris County; Texas,3927,741
1400000US48201220900,Census Tract 2209; Harris County; Texas,1790,459
1400000US48201221000,Census Tract 2210; Harris County; Texas,3508,507
1400000US48201221100,Census Tract 2211; Harris County; Texas,3233,783
1400000US48201221200,Census Tract 2212; Harris County; Texas,5407,1079
1400000US48201221301,Census Tract 2213.01; Harris County; Texas,4052,1150
1400000US48201221302,Census Tract 2213.02; Harris County; Texas,3464,864
1400000US48201221400,Census Tract 2214; Harris County; Texas,5666,969
1400000US48201221501,Census Tract 2215.01; Harris County; Texas,4845,1086
1400000US48201221502,Census Tract 2215.02; Harris County; Texas,2953,749
1400000US48201221601,Census Tract 2216.01; Harris County; Texas,3264,1340
1400000US48201221602,Census Tract 2216.02; Harris County; Texas,5586,1019
1400000US48201221701,Census Tract 2217.01; Harris County; Texas,5311,1600
1400000US48201221702,Census Tract 2217.02; Harris County; Texas,2959,503
1400000US48201221800,Census Tract 2218; Harris County; Texas,4032,823
1400000US48201221900,Census Tract 2219; Harris County; Texas,4854,831
1400000US48201222000,Census Tract 2220; Harris County; Texas,2028,271
1400000US48201222100,Census Tract 2221; Harris County; Texas,4972,742
1400000US48201222200,Census Tract 2222; Harris County; Texas,3378,748
1400000US48201222300,Census Tract 2223; Harris County; Texas,4725,703
1400000US48201222401,Census Tract 2224.01; Harris County; Texas,3332,487
1400000US48201222402,Census Tract 2224.02; Harris County; Texas,7310,1926
1400000US48201222501,Census Tract 2225.01; Harris County; Texas,3447,724
1400000US48201222502,Census Tract 2225.02; Harris County; Texas,3969,857
1400000US48201222504,Census Tract 2225.04; Harris County; Texas,3340,623
1400000US48201222505,Census Tract 2225.05; Harris County; Texas,3304,633
1400000US48201222601,Census Tract 2226.01; Harris County; Texas,2269,552
1400000US48201222602,Census Tract 2226.02; Harris County; Texas,2320,478
1400000US48201222701,Census Tract 2227.01; Harris County; Texas,2706,556
1400000US48201222702,Census Tract 2227.02; Harris County; Texas,3218,971
1400000US48201222800,Census Tract 2228; Harris County; Texas,4090,1043
1400000US48201222900,Census Tract 2229; Harris County; Texas,7872,1484
1400000US48201223001,Census Tract 2230.01; Harris County; Texas,4050,842
1400000US48201223002,Census Tract 2230.02; Harris County; Texas,2739,504
1400000US48201223100,Census Tract 2231; Harris County; Texas,2160,407
1400000US48201230100,Census Tract 2301; Harris County; Texas,1783,515
1400000US48201230200,Census Tract 2302; Harris County; Texas,5269,772
1400000US48201230300,Census Tract 2303; Harris County; Texas,2155,441
1400000US48201230400,Census Tract 2304; Harris County; Texas,4227,920
1400000US48201230500,Census Tract 2305; Harris County; Texas,3566,950
1400000US48201230600,Census Tract 2306; Harris County; Texas,3076,633
1400000US48201230700,Census Tract 2307; Harris County; Texas,3446,618
1400000US48201230800,Census Tract 2308; Harris County; Texas,2351,363
1400000US48201230900,Census Tract 2309; Harris County; Texas,4524,626
1400000US48201231000,Census Tract 2310; Harris County; Texas,6115,1143
1400000US48201231100,Census Tract 2311; Harris County; Texas,5489,748
1400000US48201231200,Census Tract 2312; Harris County; Texas,5432,1120
1400000US48201231300,Census Tract 2313; Harris County; Texas,5360,671
1400000US48201231400,Census Tract 2314; Harris County; Texas,3699,514
1400000US48201231500,Census Tract 2315; Harris County; Texas,3193,574
1400000US48201231600,Census Tract 2316; Harris County; Texas,2767,697
1400000US48201231700,Census Tract 2317; Harris County; Texas,4756,830
1400000US48201231800,Census Tract 2318; Harris County; Texas,3251,530
1400000US48201231900,Census Tract 2319; Harris County; Texas,5744,1593
1400000US48201232000,Census Tract 2320; Harris County; Texas,4849,840
1400000US48201232100,Census Tract 2321; Harris County; Texas,3460,669
1400000US48201232201,Census Tract 2322.01; Harris County; Texas,6726,2221
1400000US48201232202,Census Tract 2322.02; Harris County; Texas,5736,830
1400000US48201232203,Census Tract 2322.03; Harris County; Texas,5823,1107
1400000US48201232303,Census Tract 2323.03; Harris County; Texas,5515,1174
1400000US48201232304,Census Tract 2323.04; Harris County; Texas,7403,1387
1400000US48201232305,Census Tract 2323.05; Harris County; Texas,11986,1963
1400000US48201232306,Census Tract 2323.06; Harris County; Texas,4202,1162
1400000US48201232402,Census Tract 2324.02; Harris County; Texas,4646,1360
1400000US48201232403,Census Tract 2324.03; Harris County; Texas,4018,528
1400000US48201232404,Census Tract 2324.04; Harris County; Texas,3969,654
1400000US48201232405,Census Tract 2324.05; Harris County; Texas,6431,791
1400000US48201232500,Census Tract 2325; Harris County; Texas,4397,793
1400000US48201232600,Census Tract 2326; Harris County; Texas,2568,340
1400000US48201232701,Census Tract 2327.01; Harris County; Texas,7134,1088
1400000US48201232703,Census Tract 2327.03; Harris County; Texas,2693,567
1400000US48201232704,Census Tract 2327.04; Harris County; Texas,1906,531
1400000US48201232801,Census Tract 2328.01; Harris County; Texas,2807,471
1400000US48201232802,Census Tract 2328.02; Harris County; Texas,2832,411
1400000US48201232901,Census Tract 2329.01; Harris County; Texas,4348,1606
1400000US48201232902,Census Tract 2329.02; Harris County; Texas,4665,906
1400000US48201233001,Census Tract 2330.01; Harris County; Texas,4148,653
1400000US48201233002,Census Tract 2330.02; Harris County; Texas,3994,668
1400000US48201233003,Census Tract 2330.03; Harris County; Texas,2790,418
1400000US48201233101,Census Tract 2331.01; Harris County; Texas,4399,507
1400000US48201233103,Census Tract 2331.03; Harris County; Texas,5036,755
1400000US48201233104,Census Tract 2331.04; Harris County; Texas,2554,479
1400000US48201233105,Census Tract 2331.05; Harris County; Texas,4595,1160
1400000US48201233200,Census Tract 2332; Harris County; Texas,6294,1142
1400000US48201233300,Census Tract 2333; Harris County; Texas,4436,1021
1400000US48201233400,Census Tract 2334; Harris County; Texas,2760,389
1400000US48201233501,Census Tract 2335.01; Harris County; Texas,3729,613
1400000US48201233502,Census Tract 2335.02; Harris County; Texas,2943,477
1400000US48201233600,Census Tract 2336; Harris County; Texas,2115,419
1400000US48201233701,Census Tract 2337.01; Harris County; Texas,4630,745
1400000US48201233702,Census Tract 2337.02; Harris County; Texas,3057,622
1400000US48201233703,Census Tract 2337.03; Harris County; Texas,2699,642
1400000US48201240101,Census Tract 2401.01; Harris County; Texas,2243,548
1400000US48201240102,Census Tract 2401.02; Harris County; Texas,1689,572
1400000US48201240400,Census Tract 2404; Harris County; Texas,7620,1442
1400000US48201240503,Census Tract 2405.03; Harris County; Texas,2731,1004
1400000US48201240504,Census Tract 2405.04; Harris County; Texas,2888,942
1400000US48201240505,Census Tract 2405.05; Harris County; Texas,1556,521
1400000US48201240506,Census Tract 2405.06; Harris County; Texas,5441,837
1400000US48201240600,Census Tract 2406; Harris County; Texas,3500,1245
1400000US48201240703,Census Tract 2407.03; Harris County; Texas,6277,918
1400000US48201240704,Census Tract 2407.04; Harris County; Texas,4650,895
1400000US48201240705,Census Tract 2407.05; Harris County; Texas,5463,795
1400000US48201240706,Census Tract 2407.06; Harris County; Texas,11268,1716
1400000US48201240707,Census Tract 2407.07; Harris County; Texas,5251,865
1400000US48201240802,Census Tract 2408.02; Harris County; Texas,8990,1504
1400000US48201240803,Census Tract 2408.03; Harris County; Texas,2325,596
1400000US48201240804,Census Tract 2408.04; Harris County; Texas,2993,553
1400000US48201240903,Census Tract 2409.03; Harris County; Texas,6344,1056
1400000US48201240904,Census Tract 2409.04; Harris County; Texas,9142,1318
1400000US48201240905,Census Tract 2409.05; Harris County; Texas,5370,1626
1400000US48201240906,Census Tract 2409.06; Harris County; Texas,8525,898
1400000US48201241001,Census Tract 2410.01; Harris County; Texas,3587,583
1400000US48201241002,Census Tract 2410.02; Harris County; Texas,5504,1167
1400000US48201241101,Census Tract 2411.01; Harris County; Texas,4538,689
1400000US48201241103,Census Tract 2411.03; Harris County; Texas,5775,913
1400000US48201241104,Census Tract 2411.04; Harris County; Texas,11688,2245
1400000US48201241105,Census Tract 2411.05; Harris County; Texas,5514,1661
1400000US48201241201,Census Tract 2412.01; Harris County; Texas,3062,526
1400000US48201241202,Census Tract 2412.02; Harris County; Texas,5511,824
1400000US48201241301,Census Tract 2413.01; Harris County; Texas,5161,684
1400000US48201241302,Census Tract 2413.02; Harris County; Texas,8982,2754
1400000US48201241400,Census Tract 2414; Harris County; Texas,10417,1212
1400000US48201241501,Census Tract 2415.01; Harris County; Texas,4295,872
1400000US48201241502,Census Tract 2415.02; Harris County; Texas,2390,709
1400000US48201241503,Census Tract 2415.03; Harris County; Texas,2644,820
1400000US48201250101,Census Tract 2501.01; Harris County; Texas,3983,1028
1400000US48201250102,Census Tract 2501.02; Harris County; Texas,5534,787
1400000US48201250201,Census Tract 2502.01; Harris County; Texas,7894,1516
1400000US48201250202,Census Tract 2502.02; Harris County; Texas,2312,886
1400000US48201250303,Census Tract 2503.03; Harris County; Texas,3416,658
1400000US48201250304,Census Tract 2503.04; Harris County; Texas,11105,1470
1400000US48201250305,Census Tract 2503.05; Harris County; Texas,5769,891
1400000US48201250306,Census Tract 2503.06; Harris County; Texas,3936,300
1400000US48201250403,Census Tract 2504.03; Harris County; Texas,4543,558
1400000US48201250404,Census Tract 2504.04; Harris County; Texas,5041,598
1400000US48201250405,Census Tract 2504.05; Harris County; Texas,9951,2687
1400000US48201250406,Census Tract 2504.06; Harris County; Texas,4836,482
1400000US48201250407,Census Tract 2504.07; Harris County; Texas,10145,1011
1400000US48201250408,Census Tract 2504.08; Harris County; Texas,17485,1663
1400000US48201250500,Census Tract 2505; Harris County; Texas,5469,666
1400000US48201250601,Census Tract 2506.01; Harris County; Texas,3429,486
1400000US48201250602,Census Tract 2506.02; Harris County; Texas,4634,768
1400000US48201250701,Census Tract 2507.01; Harris County; Texas,7051,1612
1400000US48201250702,Census Tract 2507.02; Harris County; Texas,4136,345
1400000US48201250801,Census Tract 2508.01; Harris County; Texas,3576,367
1400000US48201250802,Census Tract 2508.02; Harris County; Texas,4597,883
1400000US48201250901,Census Tract 2509.01; Harris County; Texas,4067,1151
1400000US48201250902,Census Tract 2509.02; Harris County; Texas,5784,692
1400000US48201251000,Census Tract 2510; Harris County; Texas,3410,441
1400000US48201251100,Census Tract 2511; Harris County; Texas,7435,1367
1400000US48201251200,Census Tract 2512; Harris County; Texas,6260,1045
1400000US48201251300,Census Tract 2513; Harris County; Texas,7242,628
1400000US48201251401,Census Tract 2514.01; Harris County; Texas,2975,384
1400000US48201251402,Census Tract 2514.02; Harris County; Texas,6730,1511
1400000US48201251501,Census Tract 2515.01; Harris County; Texas,6877,645
1400000US48201251503,Census Tract 2515.03; Harris County; Texas,2767,775
1400000US48201251504,Census Tract 2515.04; Harris County; Texas,5612,1031
1400000US48201251505,Census Tract 2515.05; Harris County; Texas,3839,447
1400000US48201251600,Census Tract 2516; Harris County; Texas,7420,1886
1400000US48201251701,Census Tract 2517.01; Harris County; Texas,4631,653
1400000US48201251702,Census Tract 2517.02; Harris County; Texas,3949,552
1400000US48201251800,Census Tract 2518; Harris County; Texas,1813,345
1400000US48201251902,Census Tract 2519.02; Harris County; Texas,7899,1253
1400000US48201251903,Census Tract 2519.03; Harris County; Texas,4395,817
1400000US48201251904,Census Tract 2519.04; Harris County; Texas,7486,1521
1400000US48201252001,Census Tract 2520.01; Harris County; Texas,7718,2225
1400000US48201252002,Census Tract 2520.02; Harris County; Texas,6630,1380
1400000US48201252003,Census Tract 2520.03; Harris County; Texas,10901,1513
1400000US48201252100,Census Tract 2521; Harris County; Texas,3992,701
1400000US48201252201,Census Tract 2522.01; Harris County; Texas,5108,1090
1400000US48201252202,Census Tract 2522.02; Harris County; Texas,6921,1548
1400000US48201252303,Census Tract 2523.03; Harris County; Texas,5424,1273
1400000US48201252304,Census Tract 2523.04; Harris County; Texas,4171,1537
1400000US48201252305,Census Tract 2523.05; Harris County; Texas,6067,691
1400000US48201252306,Census Tract 2523.06; Harris County; Texas,10710,3116
1400000US48201252400,Census Tract 2524; Harris County; Texas,6395,1033
1400000US48201252500,Census Tract 2525; Harris County; Texas,4545,968
1400000US48201252601,Census Tract 2526.01; Harris County; Texas,3589,1055
1400000US48201252602,Census Tract 2526.02; Harris County; Texas,3860,1015
1400000US48201252700,Census Tract 2527; Harris County; Texas,5593,932
1400000US48201252800,Census Tract 2528; Harris County; Texas,6690,957
1400000US48201252901,Census Tract 2529.01; Harris County; Texas,2268,348
1400000US48201252902,Census Tract 2529.02; Harris County; Texas,6326,1241
1400000US48201253000,Census Tract 2530; Harris County; Texas,4911,996
1400000US48201253101,Census Tract 2531.01; Harris County; Texas,6234,755
1400000US48201253102,Census Tract 2531.02; Harris County; Texas,8338,991
1400000US48201253201,Census Tract 2532.01; Harris County; Texas,6367,826
1400000US48201253202,Census Tract 2532.02; Harris County; Texas,5206,921
1400000US48201253300,Census Tract 2533; Harris County; Texas,3682,682
1400000US48201253501,Census Tract 2535.01; Harris County; Texas,8875,2005
1400000US48201253502,Census Tract 2535.02; Harris County; Texas,3665,1304
1400000US48201253601,Census Tract 2536.01; Harris County; Texas,4254,885
1400000US48201253602,Census Tract 2536.02; Harris County; Texas,4180,628
1400000US48201253700,Census Tract 2537; Harris County; Texas,6116,947
1400000US48201253800,Census Tract 2538; Harris County; Texas,7805,1178
1400000US48201253900,Census Tract 2539; Harris County; Texas,4042,803
1400000US48201254000,Census Tract 2540; Harris County; Texas,3662,410
1400000US48201254100,Census Tract 2541; Harris County; Texas,6168,1031
1400000US48201254200,Census Tract 2542; Harris County; Texas,2570,308
1400000US48201254300,Census Tract 2543; Harris County; Texas,5272,796
1400000US48201254400,Census Tract 2544; Harris County; Texas,2594,557
1400000US48201254600,Census Tract 2546; Harris County; Texas,3419,703
1400000US48201254700,Census Tract 2547; Harris County; Texas,2665,404
1400000US48201254800,Census Tract 2548; Harris County; Texas,2482,403
1400000US48201310101,Census Tract 3101.01; Harris County; Texas,2768,402
1400000US48201310102,Census Tract 3101.02; Harris County; Texas,2400,576
1400000US48201310200,Census Tract 3102; Harris County; Texas,2129,289
1400000US48201310300,Census Tract 3103; Harris County; Texas,4058,449
1400000US48201310400,Census Tract 3104; Harris County; Texas,3018,518
1400000US48201310500,Census Tract 3105; Harris County; Texas,3409,726
1400000US48201310600,Census Tract 3106; Harris County; Texas,4598,688
1400000US48201310700,Census Tract 3107; Harris County; Texas,3342,635
1400000US48201310800,Census Tract 3108; Harris County; Texas,3124,459
1400000US48201310900,Census Tract 3109; Harris County; Texas,4145,779
1400000US48201311001,Census Tract 3110.01; Harris County; Texas,2746,784
1400000US48201311002,Census Tract 3110.02; Harris County; Texas,3516,1115
1400000US48201311100,Census Tract 3111; Harris County; Texas,5091,687
1400000US48201311200,Census Tract 3112; Harris County; Texas,4523,1394
1400000US48201311300,Census Tract 3113; Harris County; Texas,4120,801
1400000US48201311400,Census Tract 3114; Harris County; Texas,1668,426
1400000US48201311501,Census Tract 3115.01; Harris County; Texas,2464,597
1400000US48201311502,Census Tract 3115.02; Harris County; Texas,2610,674
1400000US48201311600,Census Tract 3116; Harris County; Texas,3614,1107
1400000US48201311701,Census Tract 3117.01; Harris County; Texas,3554,635
1400000US48201311702,Census Tract 3117.02; Harris County; Texas,1917,1105
1400000US48201311800,Census Tract 3118; Harris County; Texas,3646,856
1400000US48201311900,Census Tract 3119; Harris County; Texas,1629,270
1400000US48201312000,Census Tract 3120; Harris County; Texas,2970,329
1400000US48201312200,Census Tract 3122; Harris County; Texas,1609,363
1400000US48201312300,Census Tract 3123; Harris County; Texas,2733,450
1400000US48201312400,Census Tract 3124; Harris County; Texas,2048,928
1400000US48201312501,Census Tract 3125.01; Harris County; Texas,3348,459
1400000US48201312502,Census Tract 3125.02; Harris County; Texas,2089,358
1400000US48201312601,Census Tract 3126.01; Harris County; Texas,3366,522
1400000US48201312602,Census Tract 3126.02; Harris County; Texas,2519,345
1400000US48201312603,Census Tract 3126.03; Harris County; Texas,4160,1312
1400000US48201312700,Census Tract 3127; Harris County; Texas,2293,496
1400000US48201312800,Census Tract 3128; Harris County; Texas,3752,360
1400000US48201312901,Census Tract 3129.01; Harris County; Texas,1869,339
1400000US48201312902,Census Tract 3129.02; Harris County; Texas,2391,573
1400000US48201313000,Census Tract 3130; Harris County; Texas,2401,712
1400000US48201313101,Census Tract 3131.01; Harris County; Texas,2555,402
1400000US48201313102,Census Tract 3131.02; Harris County; Texas,1789,284
1400000US48201313201,Census Tract 3132.01; Harris County; Texas,1632,335
1400000US48201313202,Census Tract 3132.02; Harris County; Texas,2629,475
1400000US48201313300,Census Tract 3133; Harris County; Texas,2702,493
1400000US48201313400,Census Tract 3134; Harris County; Texas,3803,688
1400000US48201313500,Census Tract 3135; Harris County; Texas,1781,351
1400000US48201313600,Census Tract 3136; Harris County; Texas,4618,1224
1400000US48201313700,Census Tract 3137; Harris County; Texas,2327,417
1400000US48201313801,Census Tract 3138.01; Harris County; Texas,1549,368
1400000US48201313802,Census Tract 3138.02; Harris County; Texas,2707,662
1400000US48201313901,Census Tract 3139.01; Harris County; Texas,3964,880
1400000US48201313902,Census Tract 3139.02; Harris County; Texas,2706,456
1400000US48201314001,Census Tract 3140.01; Harris County; Texas,3169,530
1400000US48201314003,Census Tract 3140.03; Harris County; Texas,2689,486
1400000US48201314004,Census Tract 3140.04; Harris County; Texas,2183,531
1400000US48201314005,Census Tract 3140.05; Harris County; Texas,2679,408
1400000US48201314301,Census Tract 3143.01; Harris County; Texas,2226,475
1400000US48201314302,Census Tract 3143.02; Harris County; Texas,1650,269
1400000US48201314401,Census Tract 3144.01; Harris County; Texas,1510,233
1400000US48201314402,Census Tract 3144.02; Harris County; Texas,2037,356
1400000US48201320100,Census Tract 3201; Harris County; Texas,2253,542
1400000US48201320201,Census Tract 3202.01; Harris County; Texas,2983,1869
1400000US48201320202,Census Tract 3202.02; Harris County; Texas,3033,569
1400000US48201320500,Census Tract 3205; Harris County; Texas,4097,723
1400000US48201320601,Census Tract 3206.01; Harris County; Texas,2104,286
1400000US48201320602,Census Tract 3206.02; Harris County; Texas,4365,966
1400000US48201320700,Census Tract 3207; Harris County; Texas,3397,548
1400000US48201320800,Census Tract 3208; Harris County; Texas,4740,744
1400000US48201320901,Census Tract 3209.01; Harris County; Texas,2816,1034
1400000US48201320902,Census Tract 3209.02; Harris County; Texas,3685,905
1400000US48201321001,Census Tract 3210.01; Harris County; Texas,2805,544
1400000US48201321002,Census Tract 3210.02; Harris County; Texas,5200,968
1400000US48201321101,Census Tract 3211.01; Harris County; Texas,3896,414
1400000US48201321102,Census Tract 3211.02; Harris County; Texas,4274,1325
1400000US48201321200,Census Tract 3212; Harris County; Texas,5008,840
1400000US48201321301,Census Tract 3213.01; Harris County; Texas,3718,1021
1400000US48201321302,Census Tract 3213.02; Harris County; Texas,1929,407
1400000US48201321401,Census Tract 3214.01; Harris County; Texas,3726,686
1400000US48201321402,Census Tract 3214.02; Harris County; Texas,4867,887
1400000US48201321500,Census Tract 3215; Harris County; Texas,2700,575
1400000US48201321600,Census Tract 3216; Harris County; Texas,6937,1071
1400000US48201321700,Census Tract 3217; Harris County; Texas,3202,472
1400000US48201321800,Census Tract 3218; Harris County; Texas,4101,636
1400000US48201321900,Census Tract 3219; Harris County; Texas,5314,1112
1400000US48201322000,Census Tract 3220; Harris County; Texas,4240,851
1400000US48201322100,Census Tract 3221; Harris County; Texas,3883,675
1400000US48201322200,Census Tract 3222; Harris County; Texas,1670,442
1400000US48201322600,Census Tract 3226; Harris County; Texas,4985,847
1400000US48201322701,Census Tract 3227.01; Harris County; Texas,2882,673
1400000US48201322702,Census Tract 3227.02; Harris County; Texas,4356,944
1400000US48201322800,Census Tract 3228; Harris County; Texas,5509,949
1400000US48201322900,Census Tract 3229; Harris County; Texas,3755,694
1400000US48201323000,Census Tract 3230; Harris County; Texas,6571,1119
1400000US48201323100,Census Tract 3231; Harris County; Texas,3503,940
1400000US48201323200,Census Tract 3232; Harris County; Texas,6023,972
1400000US48201323300,Census Tract 3233; Harris County; Texas,3278,573
1400000US48201323400,Census Tract 3234; Harris County; Texas,6940,1482
1400000US48201323500,Census Tract 3235; Harris County; Texas,5525,1008
1400000US48201323601,Census Tract 3236.01; Harris County; Texas,4141,1019
1400000US48201323602,Census Tract 3236.02; Harris County; Texas,4299,865
1400000US48201323701,Census Tract 3237.01; Harris County; Texas,4269,792
1400000US48201323702,Census Tract 3237.02; Harris County; Texas,3622,839
1400000US48201323801,Census Tract 3238.01; Harris County; Texas,4084,1225
1400000US48201323802,Census Tract 3238.02; Harris County; Texas,5026,786
1400000US48201323900,Census Tract 3239; Harris County; Texas,3268,506
1400000US48201324000,Census Tract 3240; Harris County; Texas,6065,670
1400000US48201324101,Census Tract 3241.01; Harris County; Texas,5105,880
1400000US48201324102,Census Tract 3241.02; Harris County; Texas,0,15
1400000US48201324200,Census Tract 3242; Harris County; Texas,728,145
1400000US48201330101,Census Tract 3301.01; Harris County; Texas,5251,867
1400000US48201330102,Census Tract 3301.02; Harris County; Texas,2022,474
1400000US48201330200,Census Tract 3302; Harris County; Texas,6130,1792
1400000US48201330301,Census Tract 3303.01; Harris County; Texas,7924,1263
1400000US48201330302,Census Tract 3303.02; Harris County; Texas,5141,515
1400000US48201330303,Census Tract 3303.03; Harris County; Texas,4734,771
1400000US48201330400,Census Tract 3304; Harris County; Texas,5047,983
1400000US48201330500,Census Tract 3305; Harris County; Texas,5466,1038
1400000US48201330600,Census Tract 3306; Harris County; Texas,7148,953
1400000US48201330700,Census Tract 3307; Harris County; Texas,8886,1278
1400000US48201330801,Census Tract 3308.01; Harris County; Texas,6752,1421
1400000US48201330802,Census Tract 3308.02; Harris County; Texas,10276,1568
1400000US48201330901,Census Tract 3309.01; Harris County; Texas,10349,1829
1400000US48201330902,Census Tract 3309.02; Harris County; Texas,3665,892
1400000US48201331100,Census Tract 3311; Harris County; Texas,4129,677
1400000US48201331200,Census Tract 3312; Harris County; Texas,5016,1280
1400000US48201331300,Census Tract 3313; Harris County; Texas,5819,1263
1400000US48201331400,Census Tract 3314; Harris County; Texas,3353,1379
1400000US48201331501,Census Tract 3315.01; Harris County; Texas,4551,869
1400000US48201331502,Census Tract 3315.02; Harris County; Texas,6146,871
1400000US48201331602,Census Tract 3316.02; Harris County; Texas,3337,510
1400000US48201331603,Census Tract 3316.03; Harris County; Texas,4532,984
1400000US48201331604,Census Tract 3316.04; Harris County; Texas,2690,663
1400000US48201331700,Census Tract 3317; Harris County; Texas,3840,923
1400000US48201331800,Census Tract 3318; Harris County; Texas,4268,836
1400000US48201331900,Census Tract 3319; Harris County; Texas,3361,718
1400000US48201332000,Census Tract 3320; Harris County; Texas,5918,939
1400000US48201332100,Census Tract 3321; Harris County; Texas,3173,761
1400000US48201332200,Census Tract 3322; Harris County; Texas,4861,882
1400000US48201332300,Census Tract 3323; Harris County; Texas,2910,657
1400000US48201332400,Census Tract 3324; Harris County; Texas,4057,849
1400000US48201332500,Census Tract 3325; Harris County; Texas,3410,549
1400000US48201332600,Census Tract 3326; Harris County; Texas,6387,1192
1400000US48201332700,Census Tract 3327; Harris County; Texas,2319,409
1400000US48201332800,Census Tract 3328; Harris County; Texas,4588,719
1400000US48201332900,Census Tract 3329; Harris County; Texas,4635,885
1400000US48201333000,Census Tract 3330; Harris County; Texas,3528,833
1400000US48201333100,Census Tract 3331; Harris County; Texas,3567,443
1400000US48201333201,Census Tract 3332.01; Harris County; Texas,5266,759
1400000US48201333203,Census Tract 3332.03; Harris County; Texas,2171,827
1400000US48201333204,Census Tract 3332.04; Harris County; Texas,2338,1023
1400000US48201333205,Census Tract 3332.05; Harris County; Texas,1384,278
1400000US48201333301,Census Tract 3333.01; Harris County; Texas,4541,1323
1400000US48201333302,Census Tract 3333.02; Harris County; Texas,3515,830
1400000US48201333501,Census Tract 3335.01; Harris County; Texas,3311,652
1400000US48201333502,Census Tract 3335.02; Harris County; Texas,2504,517
1400000US48201333600,Census Tract 3336; Harris County; Texas,3219,1001
1400000US48201333700,Census Tract 3337; Harris County; Texas,4138,548
1400000US48201333801,Census Tract 3338.01; Harris County; Texas,4084,1418
1400000US48201333802,Census Tract 3338.02; Harris County; Texas,6105,652
1400000US48201333903,Census Tract 3339.03; Harris County; Texas,3720,722
1400000US48201333904,Census Tract 3339.04; Harris County; Texas,6275,2358
1400000US48201333905,Census Tract 3339.05; Harris County; Texas,3448,950
1400000US48201333906,Census Tract 3339.06; Harris County; Texas,5712,1057
1400000US48201334001,Census Tract 3340.01; Harris County; Texas,2880,455
1400000US48201334002,Census Tract 3340.02; Harris County; Texas,2420,624
1400000US48201334003,Census Tract 3340.03; Harris County; Texas,5903,739
1400000US48201334101,Census Tract 3341.01; Harris County; Texas,9558,1556
1400000US48201334102,Census Tract 3341.02; Harris County; Texas,6742,1114
1400000US48201340101,Census Tract 3401.01; Harris County; Texas,1610,405
1400000US48201340102,Census Tract 3401.02; Harris County; Texas,5498,584
1400000US48201340201,Census Tract 3402.01; Harris County; Texas,0,15
1400000US48201340202,Census Tract 3402.02; Harris County; Texas,8505,844
1400000US48201340203,Census Tract 3402.03; Harris County; Texas,4608,668
1400000US48201340301,Census Tract 3403.01; Harris County; Texas,3541,269
1400000US48201340302,Census Tract 3403.02; Harris County; Texas,6889,1120
1400000US48201340400,Census Tract 3404; Harris County; Texas,1070,104
1400000US48201340501,Census Tract 3405.01; Harris County; Texas,3754,538
1400000US48201340502,Census Tract 3405.02; Harris County; Texas,2216,673
1400000US48201340600,Census Tract 3406; Harris County; Texas,2463,287
1400000US48201340701,Census Tract 3407.01; Harris County; Texas,3918,606
1400000US48201340702,Census Tract 3407.02; Harris County; Texas,3871,815
1400000US48201340800,Census Tract 3408; Harris County; Texas,6143,618
1400000US48201340900,Census Tract 3409; Harris County; Texas,4640,795
1400000US48201341001,Census Tract 3410.01; Harris County; Texas,3973,758
1400000US48201341002,Census Tract 3410.02; Harris County; Texas,3548,856
1400000US48201341101,Census Tract 3411.01; Harris County; Texas,1956,558
1400000US48201341102,Census Tract 3411.02; Harris County; Texas,2143,451
1400000US48201341201,Census Tract 3412.01; Harris County; Texas,5291,676
1400000US48201341203,Census Tract 3412.03; Harris County; Texas,2698,523
1400000US48201341204,Census Tract 3412.04; Harris County; Texas,3504,413
1400000US48201341302,Census Tract 3413.02; Harris County; Texas,3368,501
1400000US48201341303,Census Tract 3413.03; Harris County; Texas,2936,432
1400000US48201341304,Census Tract 3413.04; Harris County; Texas,1543,353
1400000US48201341400,Census Tract 3414; Harris County; Texas,5678,486
1400000US48201341501,Census Tract 3415.01; Harris County; Texas,6275,831
1400000US48201341502,Census Tract 3415.02; Harris County; Texas,5013,821
1400000US48201341600,Census Tract 3416; Harris County; Texas,6841,919
1400000US48201341700,Census Tract 3417; Harris County; Texas,3016,419
1400000US48201341800,Census Tract 3418; Harris County; Texas,2612,470
1400000US48201342001,Census Tract 3420.01; Harris County; Texas,6399,1184
1400000US48201342002,Census Tract 3420.02; Harris County; Texas,4221,488
1400000US48201342100,Census Tract 3421; Harris County; Texas,3964,696
1400000US48201342200,Census Tract 3422; Harris County; Texas,4011,600
1400000US48201342300,Census Tract 3423; Harris County; Texas,7114,818
1400000US48201342400,Census Tract 3424; Harris County; Texas,3524,684
1400000US48201342500,Census Tract 3425; Harris County; Texas,6356,928
1400000US48201342700,Census Tract 3427; Harris County; Texas,4713,814
1400000US48201342801,Census Tract 3428.01; Harris County; Texas,5306,711
1400000US48201342802,Census Tract 3428.02; Harris County; Texas,3666,364
1400000US48201342900,Census Tract 3429; Harris County; Texas,6997,905
1400000US48201343000,Census Tract 3430; Harris County; Texas,8808,1138
1400000US48201343100,Census Tract 3431; Harris County; Texas,3900,578
1400000US48201343200,Census Tract 3432; Harris County; Texas,5446,661
1400000US48201343301,Census Tract 3433.01; Harris County; Texas,4540,583
1400000US48201343302,Census Tract 3433.02; Harris County; Texas,4927,583
1400000US48201343601,Census Tract 3436.01; Harris County; Texas,0,15
1400000US48201343602,Census Tract 3436.02; Harris County; Texas,2906,555
1400000US48201343700,Census Tract 3437; Harris County; Texas,3859,732
1400000US48201350101,Census Tract 3501.01; Harris County; Texas,4367,935
1400000US48201350102,Census Tract 3501.02; Harris County; Texas,5213,996
1400000US48201350103,Census Tract 3501.03; Harris County; Texas,8504,1618
1400000US48201350104,Census Tract 3501.04; Harris County; Texas,5653,1014
1400000US48201350201,Census Tract 3502.01; Harris County; Texas,3813,872
1400000US48201350202,Census Tract 3502.02; Harris County; Texas,4545,790
1400000US48201350300,Census Tract 3503; Harris County; Texas,6328,1165
1400000US48201350400,Census Tract 3504; Harris County; Texas,5806,1373
1400000US48201350500,Census Tract 3505; Harris County; Texas,7031,1320
1400000US48201350601,Census Tract 3506.01; Harris County; Texas,3863,462
1400000US48201350603,Census Tract 3506.03; Harris County; Texas,4398,692
1400000US48201350604,Census Tract 3506.04; Harris County; Texas,3684,842
1400000US48201350700,Census Tract 3507; Harris County; Texas,2360,474
1400000US48201350801,Census Tract 3508.01; Harris County; Texas,4785,748
1400000US48201350803,Census Tract 3508.03; Harris County; Texas,3059,549
1400000US48201350804,Census Tract 3508.04; Harris County; Texas,6520,1021
1400000US48201410101,Census Tract 4101.01; Harris County; Texas,2246,345
1400000US48201410102,Census Tract 4101.02; Harris County; Texas,3956,469
1400000US48201410201,Census Tract 4102.01; Harris County; Texas,1734,217
1400000US48201410202,Census Tract 4102.02; Harris County; Texas,3900,649
1400000US48201410300,Census Tract 4103; Harris County; Texas,3821,453
1400000US48201410401,Census Tract 4104.01; Harris County; Texas,3899,832
1400000US48201410402,Census Tract 4104.02; Harris County; Texas,3044,317
1400000US48201410501,Census Tract 4105.01; Harris County; Texas,1825,514
1400000US48201410502,Census Tract 4105.02; Harris County; Texas,3032,437
1400000US48201410601,Census Tract 4106.01; Harris County; Texas,3723,571
1400000US48201410602,Census Tract 4106.02; Harris County; Texas,2647,334
1400000US48201410703,Census Tract 4107.03; Harris County; Texas,2286,507
1400000US48201410704,Census Tract 4107.04; Harris County; Texas,2087,464
1400000US48201410705,Census Tract 4107.05; Harris County; Texas,1123,274
1400000US48201410706,Census Tract 4107.06; Harris County; Texas,1835,169
1400000US48201410801,Census Tract 4108.01; Harris County; Texas,2664,337
1400000US48201410802,Census Tract 4108.02; Harris County; Texas,1441,213
1400000US48201410900,Census Tract 4109; Harris County; Texas,3565,636
1400000US48201411001,Census Tract 4110.01; Harris County; Texas,2673,547
1400000US48201411002,Census Tract 4110.02; Harris County; Texas,2176,276
1400000US48201411003,Census Tract 4110.03; Harris County; Texas,1671,335
1400000US48201411100,Census Tract 4111; Harris County; Texas,3667,460
1400000US48201411200,Census Tract 4112; Harris County; Texas,1700,225
1400000US48201411301,Census Tract 4113.01; Harris County; Texas,1918,344
1400000US48201411302,Census Tract 4113.02; Harris County; Texas,3086,472
1400000US48201411400,Census Tract 4114; Harris County; Texas,2898,507
1400000US48201411503,Census Tract 4115.03; Harris County; Texas,3555,616
1400000US48201411504,Census Tract 4115.04; Harris County; Texas,2669,511
1400000US48201411505,Census Tract 4115.05; Harris County; Texas,3303,593
1400000US48201411506,Census Tract 4115.06; Harris County; Texas,2971,566
1400000US48201411507,Census Tract 4115.07; Harris County; Texas,2167,579
1400000US48201411600,Census Tract 4116; Harris County; Texas,2806,564
1400000US48201411700,Census Tract 4117; Harris County; Texas,3516,629
1400000US48201411801,Census Tract 4118.01; Harris County; Texas,3825,1109
1400000US48201411802,Census Tract 4118.02; Harris County; Texas,2196,392
1400000US48201411901,Census Tract 4119.01; Harris County; Texas,2200,625
1400000US48201411902,Census Tract 4119.02; Harris County; Texas,2391,435
1400000US48201412000,Census Tract 4120; Harris County; Texas,3819,479
1400000US48201412201,Census Tract 4122.01; Harris County; Texas,2331,366
1400000US48201412202,Census Tract 4122.02; Harris County; Texas,3496,734
1400000US48201412300,Census Tract 4123; Harris County; Texas,6959,679
1400000US48201412400,Census Tract 4124; Harris County; Texas,4525,449
1400000US48201412500,Census Tract 4125; Harris County; Texas,1706,225
1400000US48201412600,Census Tract 4126; Harris County; Texas,3850,497
1400000US48201412700,Census Tract 4127; Harris County; Texas,3144,389
1400000US48201412800,Census Tract 4128; Harris County; Texas,5026,611
1400000US48201412901,Census Tract 4129.01; Harris County; Texas,1916,498
1400000US48201412902,Census Tract 4129.02; Harris County; Texas,3184,525
1400000US48201413000,Census Tract 4130; Harris County; Texas,3111,487
1400000US48201413100,Census Tract 4131; Harris County; Texas,3346,460
1400000US48201413203,Census Tract 4132.03; Harris County; Texas,1874,375
1400000US48201413204,Census Tract 4132.04; Harris County; Texas,1061,193
1400000US48201413205,Census Tract 4132.05; Harris County; Texas,1503,232
1400000US48201413206,Census Tract 4132.06; Harris County; Texas,2653,512
1400000US48201413301,Census Tract 4133.01; Harris County; Texas,5185,583
1400000US48201413302,Census Tract 4133.02; Harris County; Texas,3768,642
1400000US48201420100,Census Tract 4201; Harris County; Texas,2769,489
1400000US48201420200,Census Tract 4202; Harris County; Texas,2490,584
1400000US48201420300,Census Tract 4203; Harris County; Texas,4005,772
1400000US48201420400,Census Tract 4204; Harris County; Texas,3714,696
1400000US48201420500,Census Tract 4205; Harris County; Texas,3527,738
1400000US48201420600,Census Tract 4206; Harris County; Texas,2358,369
1400000US48201420700,Census Tract 4207; Harris County; Texas,2872,303
1400000US48201420800,Census Tract 4208; Harris County; Texas,2829,451
1400000US48201420900,Census Tract 4209; Harris County; Texas,6130,579
1400000US48201421000,Census Tract 4210; Harris County; Texas,2913,369
1400000US48201421101,Census Tract 4211.01; Harris County; Texas,2746,425
1400000US48201421103,Census Tract 4211.03; Harris County; Texas,1533,236
1400000US48201421104,Census Tract 4211.04; Harris County; Texas,4854,1088
1400000US48201421203,Census Tract 4212.03; Harris County; Texas,2358,720
1400000US48201421204,Census Tract 4212.04; Harris County; Texas,3274,623
1400000US48201421205,Census Tract 4212.05; Harris County; Texas,2377,299
1400000US48201421206,Census Tract 4212.06; Harris County; Texas,2013,727
1400000US48201421301,Census Tract 4213.01; Harris County; Texas,3537,638
1400000US48201421302,Census Tract 4213.02; Harris County; Texas,5595,2057
1400000US48201421401,Census Tract 4214.01; Harris County; Texas,3347,387
1400000US48201421402,Census Tract 4214.02; Harris County; Texas,3661,735
1400000US48201421403,Census Tract 4214.03; Harris County; Texas,4503,623
1400000US48201421501,Census Tract 4215.01; Harris County; Texas,3991,857
1400000US48201421502,Census Tract 4215.02; Harris County; Texas,3137,544
1400000US48201421601,Census Tract 4216.01; Harris County; Texas,3258,667
1400000US48201421602,Census Tract 4216.02; Harris County; Texas,2868,367
1400000US48201421700,Census Tract 4217; Harris County; Texas,4521,626
1400000US48201421801,Census Tract 4218.01; Harris County; Texas,2303,705
1400000US48201421802,Census Tract 4218.02; Harris County; Texas,2399,403
1400000US48201421900,Census Tract 4219; Harris County; Texas,3063,455
1400000US48201422000,Census Tract 4220; Harris County; Texas,2279,284
1400000US48201422100,Census Tract 4221; Harris County; Texas,5004,861
1400000US48201422200,Census Tract 4222; Harris County; Texas,5555,781
1400000US48201422302,Census Tract 4223.02; Harris County; Texas,2106,355
1400000US48201422303,Census Tract 4223.03; Harris County; Texas,3079,696
1400000US48201422304,Census Tract 4223.04; Harris County; Texas,4382,909
1400000US48201422403,Census Tract 4224.03; Harris County; Texas,2550,246
1400000US48201422404,Census Tract 4224.04; Harris County; Texas,2676,444
1400000US48201422405,Census Tract 4224.05; Harris County; Texas,1698,367
1400000US48201422406,Census Tract 4224.06; Harris County; Texas,2757,725
1400000US48201422501,Census Tract 4225.01; Harris County; Texas,3734,616
1400000US48201422502,Census Tract 4225.02; Harris County; Texas,3043,668
1400000US48201422601,Census Tract 4226.01; Harris County; Texas,3272,726
1400000US48201422602,Census Tract 4226.02; Harris County; Texas,2359,695
1400000US48201422701,Census Tract 4227.01; Harris County; Texas,4750,795
1400000US48201422702,Census Tract 4227.02; Harris County; Texas,3445,615
1400000US48201422800,Census Tract 4228; Harris County; Texas,4533,889
1400000US48201422900,Census Tract 4229; Harris County; Texas,4060,621
1400000US48201423001,Census Tract 4230.01; Harris County; Texas,3299,633
1400000US48201423002,Census Tract 4230.02; Harris County; Texas,3080,443
1400000US48201423100,Census Tract 4231; Harris County; Texas,2871,440
1400000US48201423201,Census Tract 4232.01; Harris County; Texas,2631,232
1400000US48201423203,Census Tract 4232.03; Harris County; Texas,2280,303
1400000US48201423204,Census Tract 4232.04; Harris County; Texas,4070,791
1400000US48201423301,Census Tract 4233.01; Harris County; Texas,4664,851
1400000US48201423303,Census Tract 4233.03; Harris County; Texas,1375,457
1400000US48201423304,Census Tract 4233.04; Harris County; Texas,3435,561
1400000US48201423401,Census Tract 4234.01; Harris County; Texas,4767,612
1400000US48201423402,Census Tract 4234.02; Harris County; Texas,4597,702
1400000US48201423500,Census Tract 4235; Harris County; Texas,2254,330
1400000US48201423600,Census Tract 4236; Harris County; Texas,7068,716
1400000US48201430101,Census Tract 4301.01; Harris County; Texas,2796,723
1400000US48201430102,Census Tract 4301.02; Harris County; Texas,3009,603
1400000US48201430200,Census Tract 4302; Harris County; Texas,1609,222
1400000US48201430300,Census Tract 4303; Harris County; Texas,4390,18
1400000US48201430400,Census Tract 4304; Harris County; Texas,3097,21
1400000US48201430500,Census Tract 4305; Harris County; Texas,2291,360
1400000US48201430600,Census Tract 4306; Harris County; Texas,3838,37
1400000US48201430700,Census Tract 4307; Harris County; Texas,3831,636
1400000US48201430800,Census Tract 4308; Harris County; Texas,6492,868
1400000US48201430900,Census Tract 4309; Harris County; Texas,5559,737
1400000US48201431001,Census Tract 4310.01; Harris County; Texas,2613,253
1400000US48201431002,Census Tract 4310.02; Harris County; Texas,3020,914
1400000US48201431101,Census Tract 4311.01; Harris County; Texas,5640,1026
1400000US48201431102,Census Tract 4311.02; Harris County; Texas,4034,765
1400000US48201431203,Census Tract 4312.03; Harris County; Texas,1958,462
1400000US48201431204,Census Tract 4312.04; Harris County; Texas,3195,482
1400000US48201431205,Census Tract 4312.05; Harris County; Texas,3514,840
1400000US48201431206,Census Tract 4312.06; Harris County; Texas,1895,338
1400000US48201431302,Census Tract 4313.02; Harris County; Texas,4324,794
1400000US48201431303,Census Tract 4313.03; Harris County; Texas,1615,333
1400000US48201431304,Census Tract 4313.04; Harris County; Texas,3114,658
1400000US48201431401,Census Tract 4314.01; Harris County; Texas,2729,528
1400000US48201431403,Census Tract 4314.03; Harris County; Texas,1772,457
1400000US48201431404,Census Tract 4314.04; Harris County; Texas,2044,544
1400000US48201431503,Census Tract 4315.03; Harris County; Texas,2295,725
1400000US48201431504,Census Tract 4315.04; Harris County; Texas,2503,385
1400000US48201431505,Census Tract 4315.05; Harris County; Texas,1480,247
1400000US48201431506,Census Tract 4315.06; Harris County; Texas,2849,390
1400000US48201431600,Census Tract 4316; Harris County; Texas,3582,441
1400000US48201431701,Census Tract 4317.01; Harris County; Texas,2075,284
1400000US48201431702,Census Tract 4317.02; Harris County; Texas,2848,333
1400000US48201431801,Census Tract 4318.01; Harris County; Texas,3660,404
1400000US48201431803,Census Tract 4318.03; Harris County; Texas,2339,469
1400000US48201431804,Census Tract 4318.04; Harris County; Texas,2598,508
1400000US48201431901,Census Tract 4319.01; Harris County; Texas,2492,649
1400000US48201431902,Census Tract 4319.02; Harris County; Texas,2469,356
1400000US48201432003,Census Tract 4320.03; Harris County; Texas,1763,380
1400000US48201432004,Census Tract 4320.04; Harris County; Texas,2018,259
1400000US48201432005,Census Tract 4320.05; Harris County; Texas,3676,1592
1400000US48201432006,Census Tract 4320.06; Harris County; Texas,2264,520
1400000US48201432101,Census Tract 4321.01; Harris County; Texas,3193,650
1400000US48201432102,Census Tract 4321.02; Harris County; Texas,4822,1115
1400000US48201432200,Census Tract 4322; Harris County; Texas,3865,665
1400000US48201432301,Census Tract 4323.01; Harris County; Texas,3510,834
1400000US48201432302,Census Tract 4323.02; Harris County; Texas,2116,539
1400000US48201432303,Census Tract 4323.03; Harris County; Texas,2778,656
1400000US48201432401,Census Tract 4324.01; Harris County; Texas,3781,792
1400000US48201432402,Census Tract 4324.02; Harris County; Texas,2960,505
1400000US48201432501,Census Tract 4325.01; Harris County; Texas,3587,694
1400000US48201432502,Census Tract 4325.02; Harris County; Texas,1927,462
1400000US48201432600,Census Tract 4326; Harris County; Texas,2206,652
1400000US48201432703,Census Tract 4327.03; Harris County; Texas,2048,441
1400000US48201432704,Census Tract 4327.04; Harris County; Texas,1742,677
1400000US48201432705,Census Tract 4327.05; Harris County; Texas,5242,1688
1400000US48201432706,Census Tract 4327.06; Harris County; Texas,2243,649
1400000US48201432803,Census Tract 4328.03; Harris County; Texas,2577,430
1400000US48201432804,Census Tract 4328.04; Harris County; Texas,2011,432
1400000US48201432805,Census Tract 4328.05; Harris County; Texas,2473,831
1400000US48201432806,Census Tract 4328.06; Harris County; Texas,4291,667
1400000US48201432901,Census Tract 4329.01; Harris County; Texas,3688,643
1400000US48201432903,Census Tract 4329.03; Harris County; Texas,2099,303
1400000US48201432904,Census Tract 4329.04; Harris County; Texas,3861,495
1400000US48201433003,Census Tract 4330.03; Harris County; Texas,5476,1124
1400000US48201433004,Census Tract 4330.04; Harris County; Texas,2346,388
1400000US48201433005,Census Tract 4330.05; Harris County; Texas,2088,350
1400000US48201433006,Census Tract 4330.06; Harris County; Texas,2239,363
1400000US48201433007,Census Tract 4330.07; Harris County; Texas,1720,507
1400000US48201433100,Census Tract 4331; Harris County; Texas,3295,633
1400000US48201433201,Census Tract 4332.01; Harris County; Texas,3925,511
1400000US48201433202,Census Tract 4332.02; Harris County; Texas,3666,438
1400000US48201433300,Census Tract 4333; Harris County; Texas,4680,792
1400000US48201433400,Census Tract 4334; Harris County; Texas,4329,1002
1400000US48201433503,Census Tract 4335.03; Harris County; Texas,2368,662
1400000US48201433504,Census Tract 4335.04; Harris County; Texas,3358,575
1400000US48201433505,Census Tract 4335.05; Harris County; Texas,2175,281
1400000US48201433506,Census Tract 4335.06; Harris County; Texas,1562,285
1400000US48201433507,Census Tract 4335.07; Harris County; Texas,2911,536
1400000US48201433601,Census Tract 4336.01; Harris County; Texas,2878,490
1400000US48201433602,Census Tract 4336.02; Harris County; Texas,4053,901
1400000US48201440101,Census Tract 4401.01; Harris County; Texas,1842,880
1400000US48201440102,Census Tract 4401.02; Harris County; Texas,4477,835
1400000US48201450100,Census Tract 4501; Harris County; Texas,1874,211
1400000US48201450200,Census Tract 4502; Harris County; Texas,5965,1017
1400000US48201450301,Census Tract 4503.01; Harris County; Texas,2690,505
1400000US48201450302,Census Tract 4503.02; Harris County; Texas,5835,809
1400000US48201450401,Census Tract 4504.01; Harris County; Texas,2020,263
1400000US48201450402,Census Tract 4504.02; Harris County; Texas,2227,458
1400000US48201450500,Census Tract 4505; Harris County; Texas,3412,287
1400000US48201450600,Census Tract 4506; Harris County; Texas,5678,929
1400000US48201450700,Census Tract 4507; Harris County; Texas,6866,873
1400000US48201450801,Census Tract 4508.01; Harris County; Texas,2244,399
1400000US48201450803,Census Tract 4508.03; Harris County; Texas,4179,818
1400000US48201450804,Census Tract 4508.04; Harris County; Texas,2310,564
1400000US48201450900,Census Tract 4509; Harris County; Texas,2783,489
1400000US48201451003,Census Tract 4510.03; Harris County; Texas,3829,1043
1400000US48201451004,Census Tract 4510.04; Harris County; Texas,1700,536
1400000US48201451005,Census Tract 4510.05; Harris County; Texas,1967,459
1400000US48201451006,Census Tract 4510.06; Harris County; Texas,2465,476
1400000US48201451100,Census Tract 4511; Harris County; Texas,3990,559
1400000US48201451200,Census Tract 4512; Harris County; Texas,2770,440
1400000US48201451301,Census Tract 4513.01; Harris County; Texas,4018,803
1400000US48201451302,Census Tract 4513.02; Harris County; Texas,3254,1080
1400000US48201451401,Census Tract 4514.01; Harris County; Texas,3494,425
1400000US48201451404,Census Tract 4514.04; Harris County; Texas,3643,775
1400000US48201451405,Census Tract 4514.05; Harris County; Texas,2813,541
1400000US48201451406,Census Tract 4514.06; Harris County; Texas,2444,367
1400000US48201451407,Census Tract 4514.07; Harris County; Texas,1785,619
1400000US48201451501,Census Tract 4515.01; Harris County; Texas,2984,989
1400000US48201451502,Census Tract 4515.02; Harris County; Texas,2747,304
1400000US48201451603,Census Tract 4516.03; Harris County; Texas,3324,450
1400000US48201451604,Census Tract 4516.04; Harris County; Texas,3561,536
1400000US48201451605,Census Tract 4516.05; Harris County; Texas,3203,999
1400000US48201451606,Census Tract 4516.06; Harris County; Texas,6423,1565
1400000US48201451700,Census Tract 4517; Harris County; Texas,4976,1255
1400000US48201451800,Census Tract 4518; Harris County; Texas,5758,889
1400000US48201451902,Census Tract 4519.02; Harris County; Texas,2520,617
1400000US48201451903,Census Tract 4519.03; Harris County; Texas,3846,458
1400000US48201451904,Census Tract 4519.04; Harris County; Texas,3601,638
1400000US48201452001,Census Tract 4520.01; Harris County; Texas,6370,1514
1400000US48201452002,Census Tract 4520.02; Harris County; Texas,3643,521
1400000US48201452101,Census Tract 4521.01; Harris County; Texas,7306,963
1400000US48201452102,Census Tract 4521.02; Harris County; Texas,1818,548
1400000US48201452103,Census Tract 4521.03; Harris County; Texas,2559,883
1400000US48201452202,Census Tract 4522.02; Harris County; Texas,3123,828
1400000US48201452203,Census Tract 4522.03; Harris County; Texas,2195,596
1400000US48201452204,Census Tract 4522.04; Harris County; Texas,2414,293
1400000US48201452300,Census Tract 4523; Harris County; Texas,2216,456
1400000US48201452401,Census Tract 4524.01; Harris County; Texas,3187,799
1400000US48201452402,Census Tract 4524.02; Harris County; Texas,3887,1002
1400000US48201452501,Census Tract 4525.01; Harris County; Texas,2500,567
1400000US48201452502,Census Tract 4525.02; Harris County; Texas,4498,1060
1400000US48201452601,Census Tract 4526.01; Harris County; Texas,5351,1174
1400000US48201452602,Census Tract 4526.02; Harris County; Texas,2929,481
1400000US48201452701,Census Tract 4527.01; Harris County; Texas,4022,630
1400000US48201452702,Census Tract 4527.02; Harris County; Texas,4187,846
1400000US48201452703,Census Tract 4527.03; Harris County; Texas,4034,691
1400000US48201452801,Census Tract 4528.01; Harris County; Texas,5413,818
1400000US48201452802,Census Tract 4528.02; Harris County; Texas,6301,1264
1400000US48201452900,Census Tract 4529; Harris County; Texas,4267,749
1400000US48201453001,Census Tract 4530.01; Harris County; Texas,3174,1557
1400000US48201453002,Census Tract 4530.02; Harris County; Texas,5049,901
1400000US48201453100,Census Tract 4531; Harris County; Texas,3712,770
1400000US48201453201,Census Tract 4532.01; Harris County; Texas,3969,972
1400000US48201453202,Census Tract 4532.02; Harris County; Texas,5057,1885
1400000US48201453300,Census Tract 4533; Harris County; Texas,4680,1403
1400000US48201453401,Census Tract 4534.01; Harris County; Texas,3639,652
1400000US48201453403,Census Tract 4534.03; Harris County; Texas,3977,1085
1400000US48201453404,Census Tract 4534.04; Harris County; Texas,4557,638
1400000US48201453405,Census Tract 4534.05; Harris County; Texas,4064,776
1400000US48201453501,Census Tract 4535.01; Harris County; Texas,5876,1038
1400000US48201453502,Census Tract 4535.02; Harris County; Texas,3616,471
1400000US48201453601,Census Tract 4536.01; Harris County; Texas,1596,387
1400000US48201453603,Census Tract 4536.03; Harris County; Texas,3445,866
1400000US48201453604,Census Tract 4536.04; Harris County; Texas,3589,700
1400000US48201453701,Census Tract 4537.01; Harris County; Texas,4635,885
1400000US48201453702,Census Tract 4537.02; Harris County; Texas,4492,1400
1400000US48201453800,Census Tract 4538; Harris County; Texas,3614,634
1400000US48201453901,Census Tract 4539.01; Harris County; Texas,6103,1188
1400000US48201453902,Census Tract 4539.02; Harris County; Texas,3752,1120
1400000US48201454000,Census Tract 4540; Harris County; Texas,4332,951
1400000US48201454100,Census Tract 4541; Harris County; Texas,3837,644
1400000US48201454200,Census Tract 4542; Harris County; Texas,4270,897
1400000US48201454302,Census Tract 4543.02; Harris County; Texas,5877,1034
1400000US48201454303,Census Tract 4543.03; Harris County; Texas,3949,686
1400000US48201454304,Census Tract 4543.04; Harris County; Texas,5934,1656
1400000US48201454305,Census Tract 4543.05; Harris County; Texas,3546,492
1400000US48201454400,Census Tract 4544; Harris County; Texas,1013,325
1400000US48201454502,Census Tract 4545.02; Harris County; Texas,2216,217
1400000US48201454503,Census Tract 4545.03; Harris County; Texas,2700,556
1400000US48201454504,Census Tract 4545.04; Harris County; Texas,5223,1071
1400000US48201454505,Census Tract 4545.05; Harris County; Texas,2472,362
1400000US48201454600,Census Tract 4546; Harris County; Texas,5446,1457
1400000US48201454700,Census Tract 4547; Harris County; Texas,7588,1109
1400000US48201454801,Census Tract 4548.01; Harris County; Texas,4098,1088
1400000US48201454802,Census Tract 4548.02; Harris County; Texas,4324,903
1400000US48201454901,Census Tract 4549.01; Harris County; Texas,2428,193
1400000US48201454902,Census Tract 4549.02; Harris County; Texas,8609,1389
1400000US48201455000,Census Tract 4550; Harris County; Texas,3601,1040
1400000US48201455102,Census Tract 4551.02; Harris County; Texas,2886,307
1400000US48201455103,Census Tract 4551.03; Harris County; Texas,3810,788
1400000US48201455104,Census Tract 4551.04; Harris County; Texas,3393,904
1400000US48201455200,Census Tract 4552; Harris County; Texas,4190,554
1400000US48201455300,Census Tract 4553; Harris County; Texas,13436,1796
1400000US48201510100,Census Tract 5101; Harris County; Texas,3096,407
1400000US48201510201,Census Tract 5102.01; Harris County; Texas,2450,488
1400000US48201510202,Census Tract 5102.02; Harris County; Texas,6566,867
1400000US48201510301,Census Tract 5103.01; Harris County; Texas,3551,503
1400000US48201510302,Census Tract 5103.02; Harris County; Texas,3482,645
1400000US48201510400,Census Tract 5104; Harris County; Texas,3852,433
1400000US48201510500,Census Tract 5105; Harris County; Texas,5097,628
1400000US48201510601,Census Tract 5106.01; Harris County; Texas,3417,519
1400000US48201510602,Census Tract 5106.02; Harris County; Texas,4592,652
1400000US48201510701,Census Tract 5107.01; Harris County; Texas,2165,419
1400000US48201510702,Census Tract 5107.02; Harris County; Texas,2059,460
1400000US48201510801,Census Tract 5108.01; Harris County; Texas,4526,425
1400000US48201510802,Census Tract 5108.02; Harris County; Texas,2817,788
1400000US48201510803,Census Tract 5108.03; Harris County; Texas,2515,358
1400000US48201510901,Census Tract 5109.01; Harris County; Texas,6490,1213
1400000US48201510902,Census Tract 5109.02; Harris County; Texas,5731,971
1400000US48201511001,Census Tract 5110.01; Harris County; Texas,3593,362
1400000US48201511003,Census Tract 5110.03; Harris County; Texas,1889,272
1400000US48201511004,Census Tract 5110.04; Harris County; Texas,1842,383
1400000US48201511100,Census Tract 5111; Harris County; Texas,4485,588
1400000US48201511201,Census Tract 5112.01; Harris County; Texas,2940,443
1400000US48201511202,Census Tract 5112.02; Harris County; Texas,3510,552
1400000US48201511301,Census Tract 5113.01; Harris County; Texas,5065,620
1400000US48201511302,Census Tract 5113.02; Harris County; Texas,4961,1020
1400000US48201511400,Census Tract 5114; Harris County; Texas,2686,384
1400000US48201511501,Census Tract 5115.01; Harris County; Texas,3757,448
1400000US48201511502,Census Tract 5115.02; Harris County; Texas,5455,927
1400000US48201511600,Census Tract 5116; Harris County; Texas,3548,629
1400000US48201520100,Census Tract 5201; Harris County; Texas,3406,529
1400000US48201520200,Census Tract 5202; Harris County; Texas,3189,511
1400000US48201520301,Census Tract 5203.01; Harris County; Texas,2443,367
1400000US48201520302,Census Tract 5203.02; Harris County; Texas,2591,500
1400000US48201520400,Census Tract 5204; Harris County; Texas,3837,788
1400000US48201520501,Census Tract 5205.01; Harris County; Texas,4009,1220
1400000US48201520502,Census Tract 5205.02; Harris County; Texas,4644,1027
1400000US48201520601,Census Tract 5206.01; Harris County; Texas,2658,576
1400000US48201520603,Census Tract 5206.03; Harris County; Texas,2037,420
1400000US48201520604,Census Tract 5206.04; Harris County; Texas,3447,572
1400000US48201520700,Census Tract 5207; Harris County; Texas,4505,493
1400000US48201521000,Census Tract 5210; Harris County; Texas,2158,383
1400000US48201521100,Census Tract 5211; Harris County; Texas,2494,640
1400000US48201521201,Census Tract 5212.01; Harris County; Texas,2057,424
1400000US48201521202,Census Tract 5212.02; Harris County; Texas,3481,508
1400000US48201521300,Census Tract 5213; Harris County; Texas,7160,1184
1400000US48201521401,Census Tract 5214.01; Harris County; Texas,3298,532
1400000US48201521402,Census Tract 5214.02; Harris County; Texas,3430,554
1400000US48201521501,Census Tract 5215.01; Harris County; Texas,2853,520
1400000US48201521502,Census Tract 5215.02; Harris County; Texas,2899,606
1400000US48201521600,Census Tract 5216; Harris County; Texas,2972,417
1400000US48201521701,Census Tract 5217.01; Harris County; Texas,4632,1363
1400000US48201521702,Census Tract 5217.02; Harris County; Texas,3159,557
1400000US48201521800,Census Tract 5218; Harris County; Texas,4557,759
1400000US48201521900,Census Tract 5219; Harris County; Texas,7366,1198
1400000US48201522001,Census Tract 5220.01; Harris County; Texas,2213,267
1400000US48201522002,Census Tract 5220.02; Harris County; Texas,3096,835
1400000US48201522101,Census Tract 5221.01; Harris County; Texas,3413,463
1400000US48201522102,Census Tract 5221.02; Harris County; Texas,4532,1318
1400000US48201522201,Census Tract 5222.01; Harris County; Texas,5184,869
1400000US48201522202,Census Tract 5222.02; Harris County; Texas,4088,785
1400000US48201522301,Census Tract 5223.01; Harris County; Texas,4012,735
1400000US48201522302,Census Tract 5223.02; Harris County; Texas,3259,713
1400000US48201522401,Census Tract 5224.01; Harris County; Texas,6023,991
1400000US48201522402,Census Tract 5224.02; Harris County; Texas,3862,497
1400000US48201522500,Census Tract 5225; Harris County; Texas,5510,283
1400000US48201530101,Census Tract 5301.01; Harris County; Texas,3296,761
1400000US48201530102,Census Tract 5301.02; Harris County; Texas,2971,1319
1400000US48201530200,Census Tract 5302; Harris County; Texas,4156,922
1400000US48201530300,Census Tract 5303; Harris County; Texas,2393,596
1400000US48201530400,Census Tract 5304; Harris County; Texas,3549,818
1400000US48201530501,Census Tract 5305.01; Harris County; Texas,1636,620
1400000US48201530502,Census Tract 5305.02; Harris County; Texas,2491,413
1400000US48201530600,Census Tract 5306; Harris County; Texas,3626,591
1400000US48201530701,Census Tract 5307.01; Harris County; Texas,1421,331
1400000US48201530702,Census Tract 5307.02; Harris County; Texas,4321,1006
1400000US48201530800,Census Tract 5308; Harris County; Texas,3919,811
1400000US48201530900,Census Tract 5309; Harris County; Texas,4670,683
1400000US48201531000,Census Tract 5310; Harris County; Texas,5027,573
1400000US48201531100,Census Tract 5311; Harris County; Texas,3552,658
1400000US48201531200,Census Tract 5312; Harris County; Texas,3801,388
1400000US48201531300,Census Tract 5313; Harris County; Texas,5109,856
1400000US48201531400,Census Tract 5314; Harris County; Texas,2139,285
1400000US48201531500,Census Tract 5315; Harris County; Texas,2639,475
1400000US48201531600,Census Tract 5316; Harris County; Texas,3002,371
1400000US48201531700,Census Tract 5317; Harris County; Texas,3947,500
1400000US48201531800,Census Tract 5318; Harris County; Texas,2928,512
1400000US48201531900,Census Tract 5319; Harris County; Texas,6140,1099
1400000US48201532003,Census Tract 5320.03; Harris County; Texas,4018,1260
1400000US48201532004,Census Tract 5320.04; Harris County; Texas,5291,922
1400000US48201532101,Census Tract 5321.01; Harris County; Texas,3746,900
1400000US48201532102,Census Tract 5321.02; Harris County; Texas,3308,855
1400000US48201532200,Census Tract 5322; Harris County; Texas,3566,751
1400000US48201532301,Census Tract 5323.01; Harris County; Texas,4612,1445
1400000US48201532302,Census Tract 5323.02; Harris County; Texas,4414,727
1400000US48201532400,Census Tract 5324; Harris County; Texas,7362,1088
1400000US48201532502,Census Tract 5325.02; Harris County; Texas,5785,1164
1400000US48201532503,Census Tract 5325.03; Harris County; Texas,5605,1170
1400000US48201532504,Census Tract 5325.04; Harris County; Texas,4644,916
1400000US48201532600,Census Tract 5326; Harris County; Texas,6375,876
1400000US48201532700,Census Tract 5327; Harris County; Texas,5389,1061
1400000US48201532800,Census Tract 5328; Harris County; Texas,2314,390
1400000US48201532900,Census Tract 5329; Harris County; Texas,5094,1046
1400000US48201533000,Census Tract 5330; Harris County; Texas,2525,464
1400000US48201533100,Census Tract 5331; Harris County; Texas,8754,1733
1400000US48201533200,Census Tract 5332; Harris County; Texas,3688,744
1400000US48201533301,Census Tract 5333.01; Harris County; Texas,3154,1610
1400000US48201533302,Census Tract 5333.02; Harris County; Texas,3938,1129
1400000US48201533401,Census Tract 5334.01; Harris County; Texas,4205,542
1400000US48201533402,Census Tract 5334.02; Harris County; Texas,6434,1356
1400000US48201533500,Census Tract 5335; Harris County; Texas,4225,770
1400000US48201533600,Census Tract 5336; Harris County; Texas,5377,577
1400000US48201533701,Census Tract 5337.01; Harris County; Texas,7269,1668
1400000US48201533702,Census Tract 5337.02; Harris County; Texas,3261,546
1400000US48201533802,Census Tract 5338.02; Harris County; Texas,6909,1405
1400000US48201533803,Census Tract 5338.03; Harris County; Texas,7014,1484
1400000US48201533804,Census Tract 5338.04; Harris County; Texas,6437,1630
1400000US48201533902,Census Tract 5339.02; Harris County; Texas,5511,796
1400000US48201533903,Census Tract 5339.03; Harris County; Texas,4135,528
1400000US48201533904,Census Tract 5339.04; Harris County; Texas,4323,994
1400000US48201534001,Census Tract 5340.01; Harris County; Texas,3341,872
1400000US48201534002,Census Tract 5340.02; Harris County; Texas,5216,707
1400000US48201534003,Census Tract 5340.03; Harris County; Texas,2307,460
1400000US48201534101,Census Tract 5341.01; Harris County; Texas,2973,585
1400000US48201534102,Census Tract 5341.02; Harris County; Texas,5432,1088
1400000US48201534201,Census Tract 5342.01; Harris County; Texas,3371,766
1400000US48201534203,Census Tract 5342.03; Harris County; Texas,2334,344
1400000US48201534204,Census Tract 5342.04; Harris County; Texas,4775,806
1400000US48201534205,Census Tract 5342.05; Harris County; Texas,3760,308
1400000US48201540101,Census Tract 5401.01; Harris County; Texas,7031,1051
1400000US48201540102,Census Tract 5401.02; Harris County; Texas,6316,1483
1400000US48201540200,Census Tract 5402; Harris County; Texas,2433,390
1400000US48201540502,Census Tract 5405.02; Harris County; Texas,5191,457
1400000US48201540503,Census Tract 5405.03; Harris County; Texas,5037,1698
1400000US48201540504,Census Tract 5405.04; Harris County; Texas,3408,863
1400000US48201540601,Census Tract 5406.01; Harris County; Texas,4133,701
1400000US48201540602,Census Tract 5406.02; Harris County; Texas,7518,1779
1400000US48201540700,Census Tract 5407; Harris County; Texas,5372,440
1400000US48201540800,Census Tract 5408; Harris County; Texas,6864,1018
1400000US48201540901,Census Tract 5409.01; Harris County; Texas,3102,567
1400000US48201540903,Census Tract 5409.03; Harris County; Texas,3562,1447
1400000US48201540904,Census Tract 5409.04; Harris County; Texas,3804,618
1400000US48201541004,Census Tract 5410.04; Harris County; Texas,5738,1186
1400000US48201541005,Census Tract 5410.05; Harris County; Texas,4587,1460
1400000US48201541006,Census Tract 5410.06; Harris County; Texas,6258,1457
1400000US48201541007,Census Tract 5410.07; Harris County; Texas,7383,1048
1400000US48201541008,Census Tract 5410.08; Harris County; Texas,3351,493
1400000US48201541009,Census Tract 5410.09; Harris County; Texas,4861,545
1400000US48201541100,Census Tract 5411; Harris County; Texas,8045,1781
1400000US48201541203,Census Tract 5412.03; Harris County; Texas,2482,302
1400000US48201541204,Census Tract 5412.04; Harris County; Texas,5826,744
1400000US48201541205,Census Tract 5412.05; Harris County; Texas,3286,951
1400000US48201541206,Census Tract 5412.06; Harris County; Texas,4980,743
1400000US48201541207,Census Tract 5412.07; Harris County; Texas,4262,558
1400000US48201541301,Census Tract 5413.01; Harris County; Texas,6232,839
1400000US48201541302,Census Tract 5413.02; Harris County; Texas,7451,1759
1400000US48201541401,Census Tract 5414.01; Harris County; Texas,4542,993
1400000US48201541402,Census Tract 5414.02; Harris County; Texas,2374,276
1400000US48201541403,Census Tract 5414.03; Harris County; Texas,3278,1412
1400000US48201541404,Census Tract 5414.04; Harris County; Texas,3421,631
1400000US48201541500,Census Tract 5415; Harris County; Texas,5136,879
1400000US48201541603,Census Tract 5416.03; Harris County; Texas,6850,1059
1400000US48201541604,Census Tract 5416.04; Harris County; Texas,10089,1149
1400000US48201541701,Census Tract 5417.01; Harris County; Texas,6879,1726
1400000US48201541702,Census Tract 5417.02; Harris County; Texas,2644,544
1400000US48201541703,Census Tract 5417.03; Harris County; Texas,3705,516
1400000US48201541801,Census Tract 5418.01; Harris County; Texas,3980,710
1400000US48201541802,Census Tract 5418.02; Harris County; Texas,4140,657
1400000US48201541901,Census Tract 5419.01; Harris County; Texas,2742,308
1400000US48201541902,Census Tract 5419.02; Harris County; Texas,4756,721
1400000US48201542001,Census Tract 5420.01; Harris County; Texas,4304,1515
1400000US48201542002,Census Tract 5420.02; Harris County; Texas,2483,610
1400000US48201542003,Census Tract 5420.03; Harris County; Texas,3809,827
1400000US48201542004,Census Tract 5420.04; Harris County; Texas,2989,520
1400000US48201542103,Census Tract 5421.03; Harris County; Texas,9503,1291
1400000US48201542104,Census Tract 5421.04; Harris County; Texas,7914,1542
1400000US48201542105,Census Tract 5421.05; Harris County; Texas,10108,1199
1400000US48201542106,Census Tract 5421.06; Harris County; Texas,8489,1270
1400000US48201542107,Census Tract 5421.07; Harris County; Texas,3822,710
1400000US48201542108,Census Tract 5421.08; Harris County; Texas,5180,1630
1400000US48201542201,Census Tract 5422.01; Harris County; Texas,7542,1407
1400000US48201542202,Census Tract 5422.02; Harris County; Texas,11845,1742
1400000US48201542203,Census Tract 5422.03; Harris County; Texas,12427,2221
1400000US48201542302,Census Tract 5423.02; Harris County; Texas,7713,879
1400000US48201542303,Census Tract 5423.03; Harris County; Texas,3640,1230
1400000US48201542304,Census Tract 5423.04; Harris County; Texas,5523,1542
1400000US48201542305,Census Tract 5423.05; Harris County; Texas,4761,401
1400000US48201542401,Census Tract 5424.01; Harris County; Texas,4991,946
1400000US48201542402,Census Tract 5424.02; Harris County; Texas,5263,822
1400000US48201542500,Census Tract 5425; Harris County; Texas,3885,546
1400000US48201542600,Census Tract 5426; Harris County; Texas,6165,964
1400000US48201542700,Census Tract 5427; Harris County; Texas,4903,550
1400000US48201542800,Census Tract 5428; Harris County; Texas,8846,551
1400000US48201542901,Census Tract 5429.01; Harris County; Texas,9563,1328
1400000US48201542902,Census Tract 5429.02; Harris County; Texas,42523,4278
1400000US48201543004,Census Tract 5430.04; Harris County; Texas,18217,1585
1400000US48201543005,Census Tract 5430.05; Harris County; Texas,12043,1610
1400000US48201543006,Census Tract 5430.06; Harris County; Texas,17618,1710
1400000US48201543007,Census Tract 5430.07; Harris County; Texas,23471,3301
1400000US48201543008,Census Tract 5430.08; Harris County; Texas,5255,782
1400000US48201543009,Census Tract 5430.09; Harris County; Texas,5268,1930
1400000US48201543010,Census Tract 5430.10; Harris County; Texas,5584,1037
1400000US48201543011,Census Tract 5430.11; Harris County; Texas,4140,1232
1400000US48201543100,Census Tract 5431; Harris County; Texas,4613,647
1400000US48201543201,Census Tract 5432.01; Harris County; Texas,6682,1034
1400000US48201543202,Census Tract 5432.02; Harris County; Texas,3905,534
1400000US48201550101,Census Tract 5501.01; Harris County; Texas,2430,725
1400000US48201550102,Census Tract 5501.02; Harris County; Texas,2295,473
1400000US48201550201,Census Tract 5502.01; Harris County; Texas,1946,426
1400000US48201550202,Census Tract 5502.02; Harris County; Texas,2240,669
1400000US48201550303,Census Tract 5503.03; Harris County; Texas,3375,851
1400000US48201550304,Census Tract 5503.04; Harris County; Texas,1611,486
1400000US48201550305,Census Tract 5503.05; Harris County; Texas,3275,359
1400000US48201550306,Census Tract 5503.06; Harris County; Texas,5063,1135
1400000US48201550307,Census Tract 5503.07; Harris County; Texas,2841,751
1400000US48201550308,Census Tract 5503.08; Harris County; Texas,2993,812
1400000US48201550403,Census Tract 5504.03; Harris County; Texas,2928,785
1400000US48201550404,Census Tract 5504.04; Harris County; Texas,6260,1078
1400000US48201550405,Census Tract 5504.05; Harris County; Texas,7219,1704
1400000US48201550406,Census Tract 5504.06; Harris County; Texas,4271,713
1400000US48201550407,Census Tract 5504.07; Harris County; Texas,6268,2039
1400000US48201550500,Census Tract 5505; Harris County; Texas,6391,1011
1400000US48201550601,Census Tract 5506.01; Harris County; Texas,7107,1292
1400000US48201550602,Census Tract 5506.02; Harris County; Texas,2665,379
1400000US48201550603,Census Tract 5506.03; Harris County; Texas,5031,802
1400000US48201550700,Census Tract 5507; Harris County; Texas,5079,1374
1400000US48201550800,Census Tract 5508; Harris County; Texas,3591,674
1400000US48201550901,Census Tract 5509.01; Harris County; Texas,5599,1676
1400000US48201550902,Census Tract 5509.02; Harris County; Texas,4531,603
1400000US48201551000,Census Tract 5510; Harris County; Texas,3693,607
1400000US48201551101,Census Tract 5511.01; Harris County; Texas,3765,644
1400000US48201551102,Census Tract 5511.02; Harris County; Texas,6546,906
1400000US48201551201,Census Tract 5512.01; Harris County; Texas,4843,1131
1400000US48201551202,Census Tract 5512.02; Harris County; Texas,3674,1519
1400000US48201551300,Census Tract 5513; Harris County; Texas,3634,880
1400000US48201551400,Census Tract 5514; Harris County; Texas,6451,1277
1400000US48201551501,Census Tract 5515.01; Harris County; Texas,4311,996
1400000US48201551502,Census Tract 5515.02; Harris County; Texas,4924,1522
1400000US48201551601,Census Tract 5516.01; Harris County; Texas,3000,1064
1400000US48201551602,Census Tract 5516.02; Harris County; Texas,4671,744
1400000US48201551702,Census Tract 5517.02; Harris County; Texas,4086,737
1400000US48201551703,Census Tract 5517.03; Harris County; Texas,8108,1113
1400000US48201551704,Census Tract 5517.04; Harris County; Texas,3988,881
1400000US48201551705,Census Tract 5517.05; Harris County; Texas,4738,871
1400000US48201551800,Census Tract 5518; Harris County; Texas,3846,509
1400000US48201551901,Census Tract 5519.01; Harris County; Texas,2362,654
1400000US48201551902,Census Tract 5519.02; Harris County; Texas,4690,742
1400000US48201552002,Census Tract 5520.02; Harris County; Texas,1473,264
1400000US48201552003,Census Tract 5520.03; Harris County; Texas,4478,1072
1400000US48201552004,Census Tract 5520.04; Harris County; Texas,3265,452
1400000US48201552101,Census Tract 5521.01; Harris County; Texas,4399,591
1400000US48201552102,Census Tract 5521.02; Harris County; Texas,5959,1074
1400000US48201552103,Census Tract 5521.03; Harris County; Texas,3986,633
1400000US48201552200,Census Tract 5522; Harris County; Texas,7367,1163
1400000US48201552301,Census Tract 5523.01; Harris County; Texas,4900,861
1400000US48201552303,Census Tract 5523.03; Harris County; Texas,3250,468
1400000US48201552304,Census Tract 5523.04; Harris County; Texas,2079,994
1400000US48201552401,Census Tract 5524.01; Harris County; Texas,5253,1283
1400000US48201552402,Census Tract 5524.02; Harris County; Texas,3108,788
1400000US48201552501,Census Tract 5525.01; Harris County; Texas,5114,1369
1400000US48201552502,Census Tract 5525.02; Harris County; Texas,6384,772
1400000US48201552602,Census Tract 5526.02; Harris County; Texas,8045,1296
1400000US48201552603,Census Tract 5526.03; Harris County; Texas,5595,2002
1400000US48201552604,Census Tract 5526.04; Harris County; Texas,3025,967
1400000US48201552701,Census Tract 5527.01; Harris County; Texas,3266,731
1400000US48201552702,Census Tract 5527.02; Harris County; Texas,6008,1484
1400000US48201552801,Census Tract 5528.01; Harris County; Texas,5357,1113
1400000US48201552802,Census Tract 5528.02; Harris County; Texas,4051,646
1400000US48201552901,Census Tract 5529.01; Harris County; Texas,5079,744
1400000US48201552902,Census Tract 5529.02; Harris County; Texas,5286,1459
1400000US48201553001,Census Tract 5530.01; Harris County; Texas,7218,833
1400000US48201553002,Census Tract 5530.02; Harris County; Texas,4832,915
1400000US48201553101,Census Tract 5531.01; Harris County; Texas,3508,779
1400000US48201553102,Census Tract 5531.02; Harris County; Texas,5005,1516
1400000US48201553201,Census Tract 5532.01; Harris County; Texas,2545,480
1400000US48201553202,Census Tract 5532.02; Harris County; Texas,4856,971
1400000US48201553300,Census Tract 5533; Harris County; Texas,3916,905
1400000US48201553401,Census Tract 5534.01; Harris County; Texas,4462,721
1400000US48201553403,Census Tract 5534.03; Harris County; Texas,8462,900
1400000US48201553404,Census Tract 5534.04; Harris County; Texas,3489,770
1400000US48201553405,Census Tract 5534.05; Harris County; Texas,6522,1332
1400000US48201553500,Census Tract 5535; Harris County; Texas,7369,1336
1400000US48201553601,Census Tract 5536.01; Harris County; Texas,5173,913
1400000US48201553602,Census Tract 5536.02; Harris County; Texas,2398,475
1400000US48201553700,Census Tract 5537; Harris County; Texas,4398,633
1400000US48201553801,Census Tract 5538.01; Harris County; Texas,2642,273
1400000US48201553803,Census Tract 5538.03; Harris County; Texas,4828,629
1400000US48201553804,Census Tract 5538.04; Harris County; Texas,5826,848
1400000US48201553901,Census Tract 5539.01; Harris County; Texas,6298,2116
1400000US48201554001,Census Tract 5540.01; Harris County; Texas,3566,468
1400000US48201554002,Census Tract 5540.02; Harris County; Texas,4623,774
1400000US48201554103,Census Tract 5541.03; Harris County; Texas,5154,712
1400000US48201554104,Census Tract 5541.04; Harris County; Texas,4064,911
1400000US48201554201,Census Tract 5542.01; Harris County; Texas,6498,1017
1400000US48201554202,Census Tract 5542.02; Harris County; Texas,3219,358
1400000US48201554301,Census Tract 5543.01; Harris County; Texas,7922,1038
1400000US48201554302,Census Tract 5543.02; Harris County; Texas,4855,448
1400000US48201554404,Census Tract 5544.04; Harris County; Texas,4776,459
1400000US48201554405,Census Tract 5544.05; Harris County; Texas,8825,1833
1400000US48201554406,Census Tract 5544.06; Harris County; Texas,5054,504
1400000US48201554407,Census Tract 5544.07; Harris County; Texas,6355,698
1400000US48201554408,Census Tract 5544.08; Harris County; Texas,9287,1076
1400000US48201554409,Census Tract 5544.09; Harris County; Texas,7224,1667
1400000US48201554410,Census Tract 5544.10; Harris County; Texas,4586,507
1400000US48201554501,Census Tract 5545.01; Harris County; Texas,6542,712
1400000US48201554502,Census Tract 5545.02; Harris County; Texas,6006,775
1400000US48201554600,Census Tract 5546; Harris County; Texas,4645,889
1400000US48201554701,Census Tract 5547.01; Harris County; Texas,3382,653
1400000US48201554702,Census Tract 5547.02; Harris County; Texas,4383,607
1400000US48201554803,Census Tract 5548.03; Harris County; Texas,7984,2052
1400000US48201554804,Census Tract 5548.04; Harris County; Texas,4671,976
1400000US48201554805,Census Tract 5548.05; Harris County; Texas,8907,1873
1400000US48201554806,Census Tract 5548.06; Harris County; Texas,2078,481
1400000US48201554807,Census Tract 5548.07; Harris County; Texas,6545,1277
1400000US48201554808,Census Tract 5548.08; Harris County; Texas,3205,782
1400000US48201554809,Census Tract 5548.09; Harris County; Texas,10919,2098
1400000US48201554902,Census Tract 5549.02; Harris County; Texas,11291,1148
1400000US48201554904,Census Tract 5549.04; Harris County; Texas,3847,551
1400000US48201554905,Census Tract 5549.05; Harris County; Texas,8210,1551
1400000US48201554906,Census Tract 5549.06; Harris County; Texas,4743,649
1400000US48201554907,Census Tract 5549.07; Harris County; Texas,4476,517
1400000US48201554908,Census Tract 5549.08; Harris County; Texas,7681,1299
1400000US48201555001,Census Tract 5550.01; Harris County; Texas,2483,303
1400000US48201555002,Census Tract 5550.02; Harris County; Texas,4839,833
1400000US48201555101,Census Tract 5551.01; Harris County; Texas,5214,862
1400000US48201555102,Census Tract 5551.02; Harris County; Texas,6083,1074
1400000US48201555200,Census Tract 5552; Harris County; Texas,12804,1897
1400000US48201555301,Census Tract 5553.01; Harris County; Texas,5032,919
1400000US48201555303,Census Tract 5553.03; Harris County; Texas,16375,1879
1400000US48201555304,Census Tract 5553.04; Harris County; Texas,9377,1806
1400000US48201555305,Census Tract 5553.05; Harris County; Texas,12588,1805
1400000US48201555401,Census Tract 5554.01; Harris County; Texas,3953,517
1400000US48201555403,Census Tract 5554.03; Harris County; Texas,4474,852
1400000US48201555404,Census Tract 5554.04; Harris County; Texas,3985,597
1400000US48201555501,Census Tract 5555.01; Harris County; Texas,5958,1405
1400000US48201555503,Census Tract 5555.03; Harris County; Texas,13991,1942
1400000US48201555504,Census Tract 5555.04; Harris County; Texas,8095,2049
1400000US48201555505,Census Tract 5555.05; Harris County; Texas,11508,1362
1400000US48201555600,Census Tract 5556; Harris County; Texas,9965,1569
1400000US48201555701,Census Tract 5557.01; Harris County; Texas,12322,1724
1400000US48201555703,Census Tract 5557.03; Harris County; Texas,6280,937
1400000US48201555704,Census Tract 5557.04; Harris County; Texas,8211,1042
1400000US48201556000,Census Tract 5560; Harris County; Texas,15854,1917
1400000US48201556100,Census Tract 5561; Harris County; Texas,3763,557
1400000US48201980000,Census Tract 9800; Harris County; Texas,35,39
1400000US48201980100,Census Tract 9801; Harris County; Texas,0,15
1400000US48201980200,Census Tract 9802; Harris County; Texas,9542,589
1400000US48201980300,Census Tract 9803; Harris County; Texas,2918,60
1400000US48201980400,Census Tract 9804; Harris County; Texas,4285,177
1400000US48201980700,Census Tract 9807; Harris County; Texas,2067,469
